UserId,Rating1,Rating2,Rating3
1,0.42948,5.0189,3.121
2,0.4785,-3.0546,-1.1889
3,-2.2072,1.5514,0.72429
4,1.1088,3.3994,3.3404
5,0.90851,0.76953,0.98059
6,0.91767,-0.0043892,0.30224
7,4.294,4.8086,3.8392
8,-1.9135,1.9388,-0.84855
9,-0.71415,-1.2977,-1.3545
10,0.54846,4.1714,4.0919
11,1.2007,1.1972,3.5301
12,-1.9596,3.6013,2.867
13,3.6991,4.2441,4.2355
14,2.2962,1.0789,-0.37562
15,1.3336,3.3633,0.44286
16,-0.33012,0.18784,-0.098342
17,-3.2262,-2.5762,-1.1317
18,2.8855,3.3278,-0.83084
19,-3.5471,-3.3907,-0.09337
20,0.95473,3.0919,1.3915
21,-2.0509,2.8321,-2.5853
22,1.6161,2.2181,2.0629
23,-0.92702,0.48958,3.7381
24,-3.496,-1.5683,-1.816
25,-0.42117,1.263,0.48398
26,-0.92833,0.87591,0.5268
27,-3.1583,-2.1819,0.11306
28,3.2803,1.1177,1.6813
29,0.79337,0.80964,4.0001
30,0.30504,0.56332,0.45026
31,0.19725,4.0124,2.0504
32,2.6158,1.6401,1.7975
33,0.23953,-1.0252,0.30896
34,-0.47996,0.68094,1.0215
35,-0.17476,2.9552,1.1313
36,0.90798,1.072,1.2046
37,-1.4302,-0.010396,-0.4153
38,-2.8536,-0.70662,-1.7006
39,2.9821,3.0763,4.2087
40,0.63357,-0.77281,1.3982
41,-0.44665,-1.8313,2.247
42,-0.50524,-0.54345,3.2998
43,0.67443,1.4027,2.9555
44,-2.235,-2.2077,-6.2916
45,2.9935,4.276,2.937
46,2.2408,2.2423,2.3967
47,-5.6737,0.59479,2.9221
48,5.179,4.6652,5.2774
49,-3.1503,1.0376,0.48817
50,-3.663,1.3046,2.4318
51,-2.4655,-1.8641,-2.7205
52,-1.811,-2.1303,-4.788
53,2.0181,-3.95,4.1126
54,-0.72807,-2.3519,-4.2852
55,1.4119,2.1362,3.4829
56,4.8605,1.2564,1.7936
57,2.3811,1.4091,2.842
58,-2.6693,-5.5513,-6.7472
59,0.88168,1.14,1.0899
60,4.3041,4.5171,3.5643
61,0.80834,2.7226,-0.22754
62,4.4601,5.2403,1.1663
63,-2.6844,-2.5159,-3.2855
64,0.83194,0.42628,0.42812
65,2.6549,7.3088,5.9751
66,0.64036,4.9345,2.208
67,1.6108,2.3101,2.5785
68,-3.0573,-1.5486,-0.33998
69,3.1249,3.8287,2.515
70,-0.28026,-0.89951,-4.0571
71,4.1293,2.4914,4.9272
72,-3.9635,-1.5786,-1.3316
73,1.702,3.0336,4.71
74,3.1921,2.3393,2.764
75,-0.11651,-0.92524,-0.019141
76,-1.5907,-2.0098,-2.7544
77,-0.81413,-2.2276,-1.4792
78,-1.9961,-2.7787,0.54533
79,2.6027,2.7375,2.8705
80,0.15257,1.6709,-0.54088
81,4.6285,2.3152,5.0577
82,2.1371,4.4925,3.707
83,2.118,-0.67135,2.3396
84,3.4727,-3.7947,-3.6943
85,-1.9531,3.1576,0.77153
86,3.9458,5.7598,2.9305
87,-0.67459,1.4616,0.034298
88,1.4158,3.3993,3.9113
89,-3.0226,2.714,2.9923
90,1.3514,0.50205,0.6156
91,-0.74039,2.7078,0.41336
92,0.13253,-0.40795,-0.26606
93,-1.1873,0.35924,-1.5693
94,-1.5219,0.20981,0.028059
95,-1.892,0.79295,1.4362
96,1.286,3.5553,1.4568
97,1.2305,-1.529,4.4987
98,0.50232,-3.9394,1.4788
99,0.070665,1.6606,0.59157
100,4.8379,3.4308,2.9935
101,1.1001,-0.48852,-1.0561
102,-2.9932,-0.87048,1.1915
103,2.9697,-1.0233,1.4284
104,-3.571,4.3112,3.5315
105,-0.69363,-0.44927,0.82285
106,-0.14803,0.64155,0.18843
107,0.9694,-1.0079,1.4895
108,-0.79351,0.39683,3.0861
109,-2.5993,-0.44451,-1.7697
110,-0.49798,-1.2048,0.33943
111,-0.016533,-0.22053,2.1677
112,1.2655,0.91327,1.2705
113,1.9109,0.78236,3.3052
114,0.022686,2.9813,-2.036
115,-0.5733,-2.0831,-0.34464
116,1.1954,-0.28528,0.78727
117,1.7255,3.5035,3.244
118,-6.2423,-0.88435,-1.1533
119,0.65146,0.32674,0.5216
120,0.87923,0.92944,-3.0269
121,-0.66584,-1.6037,-3.1496
122,-0.089149,4.1873,-0.10431
123,2.0067,-0.26656,0.17956
124,0.088731,-2.4319,-2.8645
125,-2.9549,0.73712,-1.5813
126,2.0321,2.5797,1.9355
127,0.60697,-0.4084,-2.0514
128,-0.17079,-0.33813,-0.7559
129,-0.40884,0.69299,0.9133
130,-0.68424,-1.2893,-0.065072
131,3.2266,-0.21081,4.2294
132,0.16715,-0.9997,-1.8025
133,-0.30937,1.1783,0.29388
134,1.7968,2.9776,6.0714
135,2.7428,3.7887,3.3819
136,-1.6404,2.8094,-0.56814
137,-0.18198,0.25549,-1.9166
138,-0.33784,-1.3161,-1.1872
139,0.29887,1.3584,3.614
140,0.75898,3.2672,1.8747
141,0.039146,1.9194,1.8821
142,-1.7445,-2.6027,-2.0598
143,-1.4462,-0.31202,-2.9746
144,-6.211,-7.0359,-7.0455
145,0.47947,0.73926,0.90927
146,-0.52918,0.26537,0.24256
147,-1.5,-2.7248,-1.9462
148,2.5395,4.2553,4.0244
149,2.75,2.5983,0.32449
150,0.017791,0.80173,3.8437
151,0.94344,-0.81694,0.10051
152,0.64081,-0.15972,-2.013
153,-3.3235,2.8871,-3.4466
154,-1.6718,-1.7693,2.5497
155,1.6495,-0.091774,-0.51655
156,3.766,-1.2468,0.88018
157,4.261,4.1971,3.3424
158,4.6731,4.3874,5.7287
159,0.65075,-1.5921,0.38707
160,2.5462,-0.11747,0.24089
161,2.2937,3.0838,4.3282
162,1.2602,4.8999,4.2999
163,3.4146,1.8512,1.0643
164,0.83643,-0.868,-0.19911
165,2.9956,5.0542,4.6848
166,-1.2131,1.1244,1.7336
167,2.2297,5.0236,5.0531
168,0.23881,0.65171,0.29985
169,-1.1825,0.39949,2.4404
170,0.11503,0.57347,-4.8841
171,-2.5371,-5.5704,-2.4813
172,3.1636,-0.71068,2.3173
173,2.7217,2.3336,1.5869
174,-1.8011,-3.4707,0.25644
175,-3.5523,1.758,1.4456
176,-4.6336,-0.25416,2.3925
177,2.877,4.0713,2.6262
178,-0.41862,-2.4565,1.9109
179,-0.90221,-2.9572,-0.69184
180,4.1132,-0.52775,0.8299
181,-2.5614,1.8845,1.3224
182,6.0184,4.7426,4.8483
183,-0.33335,0.20496,3.1333
184,4.1512,7.446,5.1059
185,1.4747,1.9704,1.9308
186,0.13682,5.001,4.1019
187,-2.6616,-1.6233,-0.11988
188,-1.3157,0.19426,0.91186
189,-0.30968,4.3522,4.237
190,5.1606,3.7696,2.1597
191,-6.0243,0.35613,-0.87185
192,-1.6031,-1.6567,1.5263
193,-3.7493,-3.0749,-0.20331
194,1.6466,-0.28029,2.0982
195,4.8832,4.646,-0.28127
196,0.31984,0.9431,-0.18907
197,0.45221,0.37489,-0.84339
198,3.2192,3.6513,3.7696
199,2.2597,2.8574,1.0527
200,-0.26766,-5.4105,-3.6118
201,1.7476,2.943,4.0496
202,1.2985,7.0777,4.0489
203,-0.552,0.032639,1.1683
204,-1.1676,-2.274,-2.017
205,1.9554,1.7221,1.8913
206,1.6278,0.6836,3.3872
207,-2.1697,1.6532,-1.7218
208,-3.1268,-2.2512,-1.116
209,5.4802,6.9029,4.5461
210,2.9041,1.3691,2.676
211,1.8312,0.61692,0.4346
212,-0.37328,5.1156,4.9895
213,5.6393,5.7022,6.1999
214,-1.4623,-0.73798,-4.22
215,0.81671,-1.0418,-2.5281
216,1.2473,1.8098,-2.2692
217,2.1588,4.1472,5.1394
218,2.6267,3.8684,0.22236
219,0.23212,1.8433,1.5621
220,-1.0077,3.2526,2.0851
221,-0.24381,5.0653,4.7989
222,-1.4938,-0.33701,1.7949
223,1.6,2.3753,0.67965
224,5.1432,1.3922,3.0438
225,-0.17444,-0.26398,-0.54975
226,1.3642,0.0077826,1.2483
227,1.0753,3.8698,3.5571
228,4.1443,3.3113,0.51018
229,1.4389,2.767,4.9749
230,3.1866,5.0693,5.2287
231,2.7929,6.1921,3.6217
232,3.9696,5.1396,3.1388
233,5.1699,1.5147,6.2059
234,-1.415,-2.2873,0.35393
235,1.9932,4.0284,-3.1113
236,-0.21254,2.7608,2.0292
237,-0.11433,1.5191,0.80475
238,1.9077,5.3907,0.71696
239,0.76542,-1.3704,0.65349
240,-0.45461,3.9153,0.34376
241,-0.41084,-0.42821,0.83072
242,0.25708,-1.4768,0.96357
243,0.012685,1.4101,-5.1643
244,6.4332,4.6274,5.5643
245,0.19484,-0.35219,-1.4338
246,0.94899,1.1542,0.55368
247,2.3762,4.2637,4.6282
248,-1.304,1.2494,1.5848
249,-0.98494,2.2461,2.9299
250,-4.3821,-2.4884,-0.75037
251,-6.9722,-3.8694,-3.902
252,0.18375,-1.2945,0.77817
253,1.0268,-1.6285,1.2411
254,3.9853,3.568,3.5262
255,-2.074,-5.6265,-5.6182
256,-2.4407,-0.59227,-1.6359
257,1.0366,-3.7062,-7.2977
258,0.34932,0.7558,0.19401
259,2.8452,3.8691,3.8162
260,1.8009,1.9888,3.1469
261,-0.025566,0.036847,1.0123
262,0.16558,-0.43521,0.1471
263,-3.5457,3.9411,-5.6757
264,-0.49829,0.75312,0.090012
265,-0.49719,-1.7879,0.16498
266,-4.8676,1.2578,-1.5752
267,2.3915,2.873,2.7072
268,0.54246,5.2469,5.2004
269,-3.5355,-3.8043,-0.19172
270,2.0875,-1.1834,-3.3881
271,-4.4419,-4.783,-2.9531
272,4.4055,4.572,4.7326
273,-1.7751,4.1545,-1.2211
274,-4.1388,-1.3177,0.34619
275,-0.49963,-0.87321,-1.2008
276,-0.7885,1.4629,2.4579
277,0.38301,0.62419,0.91954
278,-0.059073,0.65267,-0.32828
279,-2.4955,-0.22806,0.62372
280,-1.2184,-0.27046,0.49075
281,2.0101,3.4296,0.92447
282,3.6151,0.58879,2.9496
283,-0.29117,2.6456,0.1602
284,0.1819,-0.52253,0.36481
285,-1.0574,-1.1829,-2.1459
286,3.3607,3.0563,0.66443
287,-1.7122,0.016956,-1.1574
288,-0.67477,-1.543,-1.6794
289,2.4383,0.51381,1.2947
290,2.1062,-1.9475,2.8034
291,0.22537,0.74797,-0.67321
292,1.1044,0.68294,3.8823
293,-0.013811,-1.0872,2.2765
294,-1.4319,2.763,1.3258
295,-3.3009,-0.30739,0.55033
296,-0.82315,0.82171,0.17967
297,-1.39,-3.4816,-2.6123
298,-3.0373,-0.28199,4.5223
299,2.7627,1.7945,2.6171
300,-2.248,-1.9266,-0.28957
301,0.11138,0.10702,0.32345
302,1.8006,5.1159,3.903
303,-3.8067,-3.5675,-3.601
304,1.4711,0.86649,0.84053
305,0.76289,3.1265,2.1941
306,1.6449,4.974,-2.0628
307,5.1462,0.77363,7.2021
308,2.8724,4.2396,-0.6131
309,1.2057,4.3332,4.3111
310,0.45451,1.7748,0.91103
311,0.63249,0.54343,1.9843
312,2.1415,2.6072,3.5703
313,-2.0986,0.030242,-0.55113
314,0.28401,-2.2788,5.3859
315,5.084,4.9272,4.7547
316,3.4184,1.2456,-0.62835
317,1.919,1.6576,1.8735
318,2.5073,5.4333,0.72405
319,-0.13985,0.84544,-0.90462
320,4.8095,3.9625,2.0592
321,-1.6122,-2.6428,0.45967
322,1.5565,1.0469,4.2657
323,-1.2927,-3.1173,-1.3652
324,1.2873,0.78614,1.418
325,0.17339,0.38328,1.5803
326,0.4245,1.5993,3.1141
327,2.5995,0.51842,2.8347
328,0.80124,0.55037,0.96626
329,-2.3195,1.8802,-2.6505
330,-4.5473,2.3652,0.62766
331,0.74701,-2.6793,0.36227
332,2.6999,2.5983,1.8894
333,0.5593,0.75579,3.0053
334,-0.7082,0.11751,1.4462
335,0.53145,1.1859,4.5049
336,-3.4402,-3.2457,-2.8716
337,0.9255,-0.33893,2.0705
338,0.55587,-1.0076,0.4747
339,-2.7722,-4.7703,-2.8992
340,-0.77542,-0.70771,3.083
341,-5.0186,-5.003,-4.1342
342,4.234,2.6266,0.89754
343,6.0689,2.3794,-0.18463
344,1.8357,0.82234,1.3525
345,2.267,4.8766,4.7218
346,2.86,1.6863,1.915
347,3.9123,5.5285,1.516
348,-1.5069,2.1623,2.2885
349,4.0545,4.4371,4.7189
350,-1.6245,0.88641,1.4518
351,-2.9255,-1.0234,-0.017528
352,-1.3543,-0.47959,-1.2469
353,0.064897,4.5413,3.8124
354,0.6763,4.1133,-1.5213
355,4.3523,0.97146,2.9246
356,-0.98596,-0.37761,0.030007
357,0.42162,-2.5026,-3.311
358,3.6405,3.6083,2.9777
359,5.4534,1.6997,1.5802
360,2.5428,4.191,4.0844
361,0.48375,-3.6279,0.03831
362,4.9245,4.5833,3.3453
363,2.7418,2.5733,1.1498
364,4.3716,-0.62773,0.010061
365,-0.11895,-1.521,1.0752
366,-3.6133,-6.4745,-3.8941
367,-3.7823,-2.9686,-3.7061
368,4.5372,5.8016,3.9316
369,-3.7309,-0.20064,-2.5962
370,3.0024,1.6082,3.6102
371,-0.57509,1.6835,-1.5117
372,0.26908,3.4668,3.4876
373,-3.24,0.88235,6.0754
374,-1.1568,-0.72065,-1.6352
375,4.5683,4.4338,4.0133
376,-1.3135,0.099162,-0.17733
377,-3.716,-0.9931,-1.5813
378,-2.3915,-5.981,-4.5804
379,5.324,4.9875,0.67894
380,-2.3844,2.1898,1.3829
381,2.2354,-1.6595,3.926
382,1.5982,0.77693,-0.044258
383,1.6962,2.107,2.1876
384,-1.5669,-3.2538,-1.239
385,-3.2922,-4.855,-5.2261
386,3.2526,2.6617,1.9045
387,4.8129,4.2387,4.71
388,8.4938,7.7054,7.849
389,-2.8917,1.6207,2.2133
390,-5.0305,1.929,4.5774
391,4.1554,3.0388,-0.020312
392,-1.6588,2.8738,2.7335
393,0.50558,0.075661,-0.50446
394,4.7765,0.92352,1.418
395,4.8341,7.1862,2.7271
396,0.041119,3.7274,4.9665
397,1.2483,0.49283,2.1015
398,1.4883,1.0513,2.4009
399,1.6492,-1.6007,0.82068
400,-0.029289,-1.726,0.94288
401,1.0243,1.6285,0.74804
402,-1.569,-1.2114,1.5451
403,2.0435,2.7106,2.1359
404,1.5491,2.4757,1.9153
405,0.32423,-0.23489,2.4705
406,3.7605,0.79533,4.2811
407,3.4519,3.6189,0.34878
408,-0.2638,1.548,0.76006
409,4.2761,6.5277,0.31318
410,1.4467,4.0071,3.2504
411,3.9892,2.3695,2.5094
412,2.7639,-0.76592,1.9882
413,0.12997,0.52171,3.2635
414,-0.75584,3.9621,-1.6819
415,1.7378,0.40136,0.88621
416,3.1661,2.8583,-3.5775
417,2.2539,2.1901,-1.5165
418,2.6176,4.4262,2.6897
419,3.5334,2.5737,2.5263
420,-6.8613,-7.8478,-6.3214
421,1.396,0.58145,0.80946
422,2.4432,2.0077,-4.5807
423,1.4217,2.424,1.0174
424,5.7804,6.5315,5.3477
425,-4.0191,0.91693,-2.8363
426,-1.6585,0.50035,-3.0505
427,-0.60248,-0.58701,0.20545
428,2.6661,4.334,3.6727
429,-3.2093,-2.7265,3.5674
430,-3.1297,2.3985,-0.10356
431,-0.83233,-1.0404,3.7232
432,2.6681,0.13662,0.59
433,-2.4255,-1.3961,0.059502
434,-2.6409,-1.9357,1.9908
435,0.29,-0.0065475,1.4581
436,3.8083,3.1984,1.1243
437,0.65641,2.6978,1.9445
438,4.7511,5.7861,4.3477
439,-3.1756,-3.1124,0.15905
440,-0.29006,1.1793,0.28203
441,-4.0508,-3.014,-1.6307
442,2.365,5.1229,0.92393
443,-3.3013,-2.273,0.56371
444,0.66499,3.8835,1.7616
445,3.532,4.0045,2.0824
446,-0.59589,0.35849,0.64476
447,-3.9147,3.5988,3.5815
448,-0.19062,-1.2639,-2.5534
449,0.38045,-2.964,-0.30099
450,0.99727,0.32887,3.4558
451,1.1527,4.7186,1.8588
452,-4.3797,-3.5573,-2.9785
453,1.6333,4.1739,4.1901
454,2.5468,1.9489,2.4509
455,0.56097,0.056495,1.0349
456,1.1062,2.8018,2.265
457,3.664,1.4622,1.5072
458,-0.086503,-0.45898,0.22002
459,2.7673,0.98149,-3.4483
460,-1.9756,1.5183,3.7563
461,2.1151,1.6453,1.6204
462,0.77304,2.3929,-1.6734
463,-2.67,1.0526,0.93167
464,0.42889,0.057561,2.8218
465,-3.1433,-4.3497,0.89556
466,0.32218,0.1012,0.50422
467,7.4302,6.0724,7.7787
468,0.49116,3.9496,1.6708
469,4.9869,1.0113,4.4758
470,5.382,4.9267,5.3929
471,1.4909,3.4412,5.2704
472,-0.2195,3.7366,1.7379
473,0.1542,3.0249,2.3629
474,-3.8733,-2.8123,-6.7918
475,0.50055,0.92999,-0.56569
476,-1.6975,-3.9642,-2.8648
477,3.9554,0.55723,2.8915
478,2.6942,2.9821,4.4346
479,0.037621,2.8025,-0.4358
480,-0.13605,4.7897,3.7816
481,1.4194,-1.1083,0.80787
482,-0.60402,-0.62398,-0.28838
483,-0.76249,1.0496,1.7378
484,0.54316,-0.067893,-1.6117
485,-2.2701,-2.8625,-2.9438
486,-0.90378,1.9109,5.4472
487,1.1545,0.7039,2.941
488,1.7028,6.216,4.9966
489,-4.5377,-1.9544,-3.8971
490,0.54543,2.1265,1.8065
491,-1.8437,5.2383,2.4235
492,2.4366,2.3819,2.0532
493,0.65799,-0.92012,0.054549
494,-1.4047,-3.1802,-6.6938
495,0.041342,-2.7309,-0.47389
496,-1.8087,1.6659,-1.02
497,-1.6502,3.9837,4.4076
498,-0.68475,0.25631,0.96479
499,3.2914,4.8113,2.4638
500,0.13411,-0.28638,-1.1412
501,-1.454,-1.4121,-1.7119
502,1.7997,4.5891,5.1242
503,-4.1633,-5.2301,-1.506
504,-3.6786,-6.423,-4.4714
505,0.062634,0.97794,-0.42974
506,-4.1053,-0.60992,0.875
507,-0.7841,0.96045,-0.74726
508,-2.5712,-3.6198,-3.1175
509,-8.5455,-7.3215,-8.1748
510,-6.0006,-3.1712,-2.7606
511,1.8684,2.1996,1.5756
512,-1.954,-1.71,-0.92032
513,0.52638,1.4883,-2.613
514,3.9659,-1.8134,-0.29085
515,-4.5119,-4.4381,-3.9822
516,0.41238,-1.3538,0.54952
517,-1.0636,-2.6946,-0.63152
518,2.716,3.4668,3.3711
519,-1.3801,-1.6407,-0.60203
520,-0.11399,1.6886,0.86344
521,0.76239,0.92213,1.2982
522,3.3427,2.6395,2.7902
523,-1.6912,0.27535,-1.6646
524,0.9805,3.0575,3.0485
525,-2.7268,1.6071,-0.44919
526,0.31343,4.1514,1.9867
527,-2.454,-3.7783,-2.632
528,6.1023,-0.43321,2.2281
529,0.45057,-0.26674,0.39032
530,-2.8976,-0.9044,-0.54571
531,-0.17366,2.06,1.8135
532,0.15781,1.0913,2.2267
533,1.2454,-1.3482,0.4967
534,6.0962,5.0778,4.5357
535,-1.313,-3.9498,-2.4447
536,2.8057,3.2088,3.425
537,4.1451,5.2227,6.0683
538,4.6627,4.7685,3.1987
539,-2.0485,-0.2584,-5.6012
540,5.5854,4.2781,3.4985
541,-5.192,-2.9915,-5.2785
542,-1.0618,2.5437,-1.4112
543,-0.25368,-0.98586,-1.3166
544,0.49347,0.095194,1.8503
545,-2.2523,-3.3763,-2.4151
546,-1.3604,-1.055,0.20364
547,-3.4929,-3.2129,-2.9902
548,1.348,1.6253,0.39348
549,-0.044264,-1.7284,0.074466
550,1.8785,1.7751,-2.7721
551,1.5001,0.40406,0.48064
552,1.8555,-2.2293,-1.6252
553,2.8879,4.9561,5.2772
554,-0.34579,-2.9331,2.5409
555,2.7868,4.7203,5.153
556,-0.94356,-2.3763,2.2203
557,2.4847,2.1265,3.4462
558,-1.5791,-1.2817,-0.24406
559,-0.92198,1.4422,-2.4037
560,-0.15828,-3.8718,-0.40916
561,-0.91655,-1.8596,-1.9365
562,-1.2574,2.0033,2.3508
563,1.2,0.60201,-1.5503
564,2.2158,3.8777,1.9708
565,2.104,0.14083,1.6467
566,0.4826,-0.37125,-0.37631
567,0.7155,4.0179,3.2249
568,1.8556,-2.9419,-1.949
569,-1.1291,0.066704,2.3607
570,5.0313,2.8284,1.2042
571,-2.6465,-2.6553,-0.13585
572,0.79838,2.0307,-0.2249
573,-0.016495,-0.56614,0.14094
574,-1.4792,-3.5255,-1.1648
575,0.45302,-0.39852,-0.156
576,-0.71364,-1.2149,-0.75785
577,-2.0525,1.4026,-0.7433
578,0.83617,3.6194,-3.0396
579,0.7208,1.9619,1.4719
580,1.1298,1.8085,0.6541
581,-2.3993,-0.5672,-0.7225
582,0.36983,5.37,3.2792
583,3.0435,1.4648,0.76938
584,1.2493,2.3929,-1.0527
585,-2.3174,-4.4061,-8.6025
586,5.2167,5.0281,3.1187
587,0.58514,0.31079,0.36379
588,1.0188,1.4041,0.79673
589,-2.0875,-1.5245,-1.1307
590,4.7519,3.5763,4.3026
591,1.5586,3.7808,4.5443
592,3.8859,4.7007,1.893
593,-0.013993,0.37852,0.75975
594,-0.125,-0.78175,-0.08898
595,-3.2332,-1.2791,-2.6869
596,-0.79407,-0.15517,-0.43481
597,-1.9707,1.4996,3.365
598,0.53689,-1.5085,-0.57885
599,-0.23288,0.33295,-3.5581
600,-3.1325,-1.6128,-1.4422
601,1.3429,3.8209,3.4237
602,1.2696,2.9491,2.3335
603,0.70465,1.5908,-0.59108
604,3.7334,3.4144,3.7537
605,-0.21813,-0.95294,-0.80145
606,-1.0749,-3.2949,-1.6448
607,-2.4669,2.4725,1.0017
608,-0.65612,1.1727,1.1558
609,-2.5255,-3.754,-1.7957
610,1.8998,6.1104,2.7434
611,-0.29927,-0.48522,-4.0412
612,-0.35749,1.9691,1.8612
613,-0.45457,0.33239,-0.24371
614,-4.5097,1.2827,-3.0253
615,-1.7139,-2.2196,-1.322
616,4.8821,4.1692,1.4991
617,-0.65506,1.5834,2.0047
618,-1.1604,-0.87607,0.74039
619,-1.9995,-3.4505,-1.1721
620,-1.8386,1.0028,3.2345
621,5.2466,2.2086,5.4533
622,-1.1706,0.60668,1.9826
623,-0.061139,-1.3557,-0.76589
624,0.59088,-0.075929,0.65381
625,2.6257,2.2863,3.0349
626,-2.6437,-2.2428,-3.3406
627,-2.4603,-2.6421,-1.4423
628,2.8181,2.113,1.0539
629,-3.5593,0.55663,0.19345
630,0.082803,4.3347,6.6573
631,6.0166,5.0647,2.1414
632,-2.9115,0.5556,1.5421
633,3.1718,5.9433,3.2387
634,-4.3796,-3.83,0.086972
635,-3.1899,-0.29664,0.44625
636,1.3958,1.091,0.57661
637,1.9353,0.92956,0.76295
638,-4.0307,-0.83287,-2.5973
639,-1.3695,-0.25774,0.52318
640,-2.6561,-1.9373,-1.7372
641,-0.70875,-1.2724,-0.51746
642,-2.6242,1.9734,0.52629
643,-1.0848,-0.87983,4.7754
644,-0.83015,2.8327,0.35596
645,-0.55231,0.37006,-0.24662
646,2.5848,2.1456,-2.0246
647,1.9625,0.86889,1.2617
648,0.58554,-0.33324,-1.831
649,0.57768,1.0471,0.60531
650,-1.6898,-3.2188,-4.6742
651,1.2848,-1.549,-1.4796
652,-2.7763,5.6187,-2.0913
653,-3.2816,1.9567,2.6411
654,3.1538,3.1086,1.2218
655,0.53351,-5.1093,-6.9399
656,2.46,3.128,1.071
657,-2.437,-2.0366,-1.6122
658,-3.0464,-3.1615,-2.3928
659,-3.0381,-2.929,1.729
660,1.5934,2.0223,1.5086
661,-1.1057,3.7072,3.9874
662,1.3717,2.1904,-3.8311
663,1.7735,0.25031,1.6023
664,1.8641,4.5163,2.3337
665,0.8178,0.52494,2.862
666,-2.2385,-2.4573,-2.6475
667,1.9235,-0.059298,0.86042
668,-0.2773,0.51905,-2.051
669,0.42911,1.8055,1.8822
670,3.6432,0.25121,1.9588
671,2.2804,4.543,-2.0711
672,0.55674,1.9965,-0.24747
673,-1.6292,-1.2657,-0.46445
674,-1.1844,0.98145,0.29148
675,-1.6029,-1.9665,0.26356
676,-0.63736,-2.0149,0.14271
677,1.2644,5.0724,-3.7243
678,3.6217,5.7723,6.2878
679,2.1135,4.1123,3.0322
680,4.645,2.566,3.2337
681,1.1174,1.4597,1.6493
682,-0.66207,6.199,5.4687
683,1.548,0.1099,1.071
684,-1.7826,-1.0061,1.0512
685,4.5545,2.43,5.5416
686,2.3017,0.074176,2.0066
687,-1.5966,0.04719,-0.11234
688,-0.62208,1.2299,-0.14789
689,-1.8597,-2.8008,-2.9393
690,-0.58827,1.4766,-0.026568
691,0.77864,1.7462,1.5626
692,-0.52209,-1.6311,-0.61743
693,-0.63203,-1.4322,3.256
694,3.0075,5.2406,5.1047
695,1.2777,4.2858,1.777
696,-1.0475,-1.0319,0.00115
697,-2.3829,-1.1451,0.084308
698,2.9061,2.1869,4.7454
699,-5.99,-1.3959,-0.01528
700,1.7311,1.1416,3.0676
701,-0.26919,-0.95692,0.73314
702,1.126,0.47341,1.5529
703,2.7224,-0.78117,3.192
704,-4.7432,2.5568,-3.5931
705,-0.39585,2.0608,1.9409
706,-0.035843,0.94779,1.3897
707,-0.29609,7.4546,3.9095
708,-1.8502,0.95853,2.5899
709,3.2451,3.8044,4.3814
710,3.3191,3.1376,1.0929
711,-0.1565,-3.6898,-4.9791
712,-2.058,1.0653,1.129
713,0.90067,3.6674,3.5904
714,-0.36682,1.4289,0.85996
715,-0.89221,-1.8317,-1.8014
716,0.9273,2.9316,2.9696
717,3.3306,2.3067,2.0456
718,2.358,4.3701,1.7748
719,2.969,3.6378,2.5385
720,1.5014,4.3589,2.6268
721,-0.35573,0.61125,0.35719
722,-0.068987,-3.4272,-5.0385
723,-0.02778,0.82351,0.60418
724,0.2177,3.3799,-0.035606
725,3.9864,4.6788,3.6858
726,-1.9676,2.6935,-1.6745
727,0.68768,3.4035,4.7276
728,3.0919,1.0342,1.7
729,-2.3236,-3.1725,-2.0244
730,0.22545,0.77571,2.7431
731,-1.0711,5.457,5.572
732,5.5293,5.0089,4.3723
733,-2.6693,2.7022,0.57632
734,4.2238,6.6322,7.0911
735,4.6422,-0.53725,4.3875
736,0.50199,-0.023654,3.3272
737,3.7235,2.2918,2.2321
738,4.7046,3.869,4.1803
739,-0.46025,0.97492,4.1511
740,0.53731,2.2955,2.6715
741,-0.59824,-0.046569,-1.1573
742,0.41247,-0.6615,-0.42651
743,-1.5574,-0.85079,-2.8388
744,-3.3086,-3.9851,-1.9975
745,-4.0478,-2.6273,-2.8152
746,-0.60903,-0.96614,-1.8549
747,2.7104,2.7549,2.61
748,2.511,1.0925,2.5998
749,2.1588,1.1126,0.60881
750,2.5229,5.31,2.8678
751,0.55958,4.4397,5.1765
752,4.6463,5.9857,1.1676
753,1.2804,0.52323,1.5201
754,2.1548,2.6735,3.1714
755,-1.2408,3.2655,2.0258
756,1.0376,0.53042,-1.2682
757,3.0633,1.7904,3.6497
758,3.6691,4.8496,0.86216
759,0.44857,1.3842,0.93633
760,2.9976,5.0207,4.1524
761,-1.0817,-2.2162,-0.95762
762,3.5106,2.78,4.7903
763,-0.57812,3.135,2.1101
764,0.97811,2.9841,2.4608
765,2.6771,2.6529,5.3163
766,2.5161,1.4058,-0.074341
767,1.6935,-1.0757,-1.5256
768,0.40931,-3.3477,3.8142
769,-0.066948,3.1888,3.5651
770,6.5294,0.95411,6.3146
771,-3.2936,2.9481,0.66293
772,0.21989,5.2507,0.49155
773,-0.19985,-1.7943,2.7174
774,3.8424,3.3492,0.59598
775,-0.63862,-3.9182,-1.7187
776,-1.9643,-3.0857,-0.80897
777,-2.9205,-1.1327,3.5008
778,2.8285,2.5531,3.5917
779,-0.70689,-0.8903,-1.0418
780,-1.5098,-4.6028,1.312
781,0.28367,2.011,3.4748
782,-1.8168,4.6716,0.887
783,2.7773,4.6552,0.1258
784,0.67424,2.9368,2.8577
785,-0.68108,-1.1663,-1.5765
786,3.9128,1.6627,4.6887
787,1.3562,1.9819,1.0254
788,-3.5672,-5.1,-5.452
789,0.86981,2.78,1.6678
790,4.3128,2.6294,7.0293
791,-1.6308,-2.0445,-0.089294
792,-1.0548,-1.8934,-1.936
793,2.3901,-1.3539,1.7141
794,-1.6384,-0.70682,-1.6316
795,3.0295,4.8745,4.7393
796,-0.18152,-1.9938,-1.3643
797,-1.117,-2.451,-1.4818
798,4.318,1.1321,1.9602
799,2.0057,1.7879,3.2445
800,-0.89155,0.90982,4.8924
801,-0.22254,-0.28116,1.0329
802,0.69202,0.40289,1.2521
803,4.6139,4.1971,2.1718
804,0.0029379,-1.0407,-0.84925
805,0.02018,0.29913,0.33703
806,2.1061,1.6014,-0.99355
807,-0.1387,4.8183,5.4359
808,0.15383,-1.4242,-1.2273
809,1.9439,2.9347,-2.2375
810,0.60193,0.99741,-0.2756
811,8.2155,6.3781,4.8664
812,2.487,4.773,3.0715
813,3.379,3.7116,5.5265
814,2.7865,3.3724,1.8924
815,0.44337,2.2031,1.6859
816,1.0538,-0.9314,-0.61834
817,0.40182,-3.8355,-3.7435
818,-1.0727,0.36314,-1.2009
819,-0.35761,-1.5149,0.68762
820,-1.3496,-0.32795,-1.5156
821,2.4939,2.5496,0.56428
822,-1.1855,0.46377,-0.1721
823,-1.8094,0.8259,1.7446
824,-0.85676,-1.196,0.91644
825,0.74285,-5.1863,-2.1124
826,-6.6353,-5.7181,-5.5337
827,1.6332,4.4228,5.0095
828,3.0033,0.31789,-0.45613
829,2.9829,4.3577,0.72921
830,1.96,-2.4799,0.82128
831,-0.44471,-0.33322,-0.033989
832,0.78934,3.4831,0.24224
833,-1.3685,-0.64183,-1.8551
834,2.7118,1.7858,3.4021
835,6.4454,6.2355,6.3247
836,0.036248,0.41038,0.53517
837,-0.68737,-0.54575,-0.6658
838,-2.8669,3.412,2.3588
839,1.5843,-0.15731,3.6536
840,4.0958,0.261,0.13013
841,2.9672,-1.4226,3.7763
842,1.5526,4.2686,3.2459
843,-0.012006,-0.29907,-1.4459
844,-2.0995,1.3115,1.6443
845,-1.566,0.48407,1.0655
846,0.6596,-2.1018,1.3355
847,-0.63929,-0.23274,-2.4438
848,-0.91479,0.062418,1.7829
849,-0.26523,1.5936,0.45422
850,-2.7413,-5.4858,-2.9663
851,1.7857,2.7769,2.5358
852,1.568,0.1496,0.42538
853,1.1593,0.95152,2.7589
854,0.81586,-4.6638,-7.4829
855,-0.75095,1.343,0.16027
856,-0.58969,-0.63487,-0.44142
857,-1.1167,3.1555,2.7563
858,-2.6995,1.4332,1.4267
859,-0.39948,-0.37329,0.2105
860,3.8261,3.48,3.2537
861,2.4543,1.937,1.7866
862,-0.7824,3.1012,2.5254
863,2.8127,2.9579,3.8116
864,0.28465,-0.15423,-0.65282
865,-0.38701,1.0452,0.50327
866,-0.26874,-0.24864,0.36654
867,-1.4602,-2.5179,-1.7069
868,-1.343,2.4504,2.8973
869,-0.1905,-0.69845,3.2231
870,-2.1553,-3.0702,1.5137
871,-0.32644,-1.1784,-1.0913
872,-1.2591,-1.3621,-0.96842
873,1.7418,-1.3402,1.7647
874,-0.63037,2.958,2.3044
875,-1.4625,5.4033,0.68823
876,1.5173,1.4029,2.7754
877,-1.3016,-0.20896,-2.0132
878,-7.1795,-6.3604,-6.0671
879,2.2546,1.5602,1.8035
880,0.56445,2.7833,4.3441
881,-3.9054,1.1237,0.11767
882,3.649,-0.80297,4.5419
883,0.33218,0.17008,1.3398
884,-1.5354,-0.14659,-1.5511
885,-1.4751,0.0010652,-2.746
886,-1.6714,-3.2596,-2.1598
887,-0.46038,-1.044,0.16026
888,6.0503,6.0437,5.9082
889,-0.6536,2.143,1.7028
890,-0.60227,-0.12564,1.5957
891,1.5627,1.0885,1.4557
892,1.297,2.4857,-3.7371
893,1.1304,-0.20566,0.056469
894,4.5032,7.1746,5.6007
895,-1.5892,-3.9443,-1.0056
896,-0.86345,1.742,1.3235
897,-1.2707,0.71232,-1.3661
898,2.7143,1.1792,1.5706
899,1.0855,0.49713,-2.9159
900,-3.2564,2.1874,3.8394
901,-0.61747,-1.3802,1.2083
902,-2.1478,-1.692,-0.42954
903,-0.69687,3.4338,4.0699
904,-0.0085645,-2.1432,0.99897
905,1.3779,0.10667,1.6954
906,3.5654,1.9033,2.9516
907,-1.5686,-0.63855,0.27337
908,5.7208,4.9877,5.2691
909,1.6117,3.7317,0.97468
910,0.40308,4.3159,3.4093
911,1.7842,5.5612,3.2663
912,-0.62451,0.22402,2.3582
913,0.55335,1.9093,1.6096
914,-0.64896,-0.58376,-0.22416
915,1.1947,1.6403,-0.81626
916,1.6682,3.1974,-0.43421
917,2.1337,2.8432,2.3321
918,4.5993,3.4381,4.5348
919,1.6132,0.74202,1.9047
920,-2.6895,5.6227,4.5408
921,-0.28368,1.4708,2.8882
922,0.60631,-1.7474,1.9457
923,0.79794,-1.7789,-4.0057
924,-0.43804,-0.75212,1.3728
925,1.1701,2.9592,2.0009
926,-0.66002,-0.84473,-1.7483
927,-0.36512,-2.8153,-0.72808
928,-1.1796,-1.7216,0.85344
929,-1.9716,0.046661,-1.8241
930,-3.4206,-3.2847,-3.8422
931,-0.56594,-1.416,-0.62866
932,-0.32834,3.2449,3.1867
933,0.42136,-0.85215,-0.36991
934,2.3553,-0.16443,0.85876
935,1.5435,-0.55239,-1.4622
936,0.1435,-0.1337,-0.23338
937,-0.59694,-0.4035,-0.47176
938,0.054431,-3.8485,3.492
939,1.9383,4.4275,2.391
940,-0.64822,-2.2049,-2.449
941,-1.1483,0.50414,1.213
942,-0.56116,1.4262,2.4522
943,5.762,3.3714,3.2319
944,-1.3183,-0.96395,-1.0982
945,-1.1581,1.0755,1.4667
946,1.9418,-2.7146,-1.2058
947,-1.1517,0.55824,2.15
948,-2.564,-2.6921,-4.9996
949,0.49216,2.4635,0.27144
950,0.5053,-0.70139,3.2842
951,-1.1442,0.15289,0.48247
952,0.99339,0.63786,1.7454
953,-2.7415,0.24959,-0.070519
954,-0.27173,5.4807,3.6424
955,-0.57594,1.5934,4.5896
956,-0.6859,-2.2148,-4.8616
957,1.9727,2.658,1.5238
958,-3.8739,-1.6644,-0.30102
959,2.3279,6.229,2.7558
960,0.52689,1.5329,3.6868
961,4.9714,2.696,2.5736
962,1.0075,0.96409,0.36171
963,5.7304,4.9438,6.1994
964,-4.7947,-4.5769,-9
965,0.3478,2.4963,0.91759
966,0.36698,0.003891,2.1645
967,0.37329,-0.039658,0.5042
968,-0.82936,1.9239,1.059
969,2.9318,3.7067,3.142
970,-0.03969,3.141,0.17519
971,5.7163,6.6846,6.2962
972,0.63301,0.1593,0.39274
973,-0.69843,-0.9696,-0.92926
974,1.646,2.6228,2.8272
975,0.14476,-0.51156,-0.98323
976,-0.22939,0.49876,2.0182
977,0.48116,1.8709,2.2416
978,-1.4416,-4.1464,-1.8511
979,3.8135,-3.3702,0.35891
980,-2.1419,-2.1044,0.39534
981,0.45977,2.4259,2.9374
982,-3.7123,4.3117,1.6046
983,2.4715,1.8411,4.2443
984,-0.6391,1.91,2.277
985,-2.0282,0.70361,2.5638
986,0.97875,-1.4814,0.69843
987,3.0094,1.6892,4.2859
988,2.835,5.2596,1.6469
989,-4.9483,1.5387,-1.2773
990,0.25905,-0.30907,1.2572
991,-3.6273,-0.31092,-5.2298
992,-2.9903,0.24081,-0.35933
993,3.1435,1.206,-1.9585
994,1.3314,1.8661,3.5153
995,-0.6643,5.0755,3.6236
996,0.15331,3.1513,4.2055
997,-2.8344,-1.7369,0.63767
998,0.97551,0.71492,0.52157
999,-2.2845,-0.92401,-1.1595
1000,0.9195,0.36707,1.9955
1001,1.5021,7.0102,-4.2666
1002,0.67529,2.3972,1.2212
1003,-2.8968,-3.7872,-3.8685
1004,3.7547,2.6222,0.20456
1005,-3.1573,-2.1141,-1.4891
1006,-1.6222,-2.1425,-1.7234
1007,-4.0055,-2.2101,-4.7837
1008,-0.90495,0.75542,4.0239
1009,-0.70565,-0.63591,-1.2215
1010,1.4244,-0.75146,-3.4791
1011,3.048,2.1481,-1.0797
1012,0.96794,0.47126,-0.36442
1013,-3.1858,-0.95691,-5.0609
1014,-2.1657,-3.405,-3.2497
1015,2.2221,4.4234,4.8205
1016,3.5198,1.7575,2.0875
1017,-1.6079,4.2325,3.9854
1018,0.96776,-2.3974,-0.57546
1019,-5.3143,-0.42031,-2.3124
1020,-0.84853,-3.3097,-1.1095
1021,-1.4909,-0.29128,-1.7835
1022,5.4127,3.4127,4.1264
1023,2.0531,2.7123,2.1201
1024,-1.7535,0.53028,-1.2163
1025,-2.265,6.6605,4.5054
1026,1.8849,1.7043,0.55667
1027,-6.2127,-5.9469,-0.58695
1028,-1.0963,1.3776,1.4367
1029,1.9724,0.37039,1.7606
1030,4.2281,-0.74458,4.1162
1031,1.4744,3.0236,4.167
1032,-1.8408,-2.6861,-1.8943
1033,-2.0108,-2.5761,0.11223
1034,-0.82799,3.3112,2.036
1035,-4.0484,-0.51197,0.29165
1036,-0.24065,2.2896,2.3168
1037,3.489,2.6575,2.7533
1038,-4.3163,1.4664,-6.2851
1039,0.31043,2.8026,0.10051
1040,0.74292,-0.62071,0.80681
1041,2.8662,1.5122,0.53788
1042,0.83149,-2.9651,0.61129
1043,1.2355,-0.37388,1.4029
1044,-1.1444,2.6147,2.3715
1045,2.4064,3.4454,2.1863
1046,4.1713,1.664,0.41146
1047,3.9045,1.2383,-1.9925
1048,2.4525,1.6114,3.386
1049,2.1414,2.6541,2.5209
1050,0.75094,0.1714,-1.3423
1051,1.4218,6.4864,5.2849
1052,2.1333,3.8095,3.4448
1053,-3.0528,-3.665,-2.7335
1054,-3.243,-0.72791,-4.0865
1055,2.3295,3.4473,3.2147
1056,-3.7203,-3.6657,-5.0658
1057,1.5081,0.92573,3.9091
1058,-1.958,-1.9484,-0.85913
1059,1.7532,2.9793,1.543
1060,0.86596,1.4051,5.4039
1061,2.3826,2.4965,1.7724
1062,1.0898,3.5613,3.2862
1063,-1.4775,1.9941,3.2238
1064,-1.9744,-2.7329,-6.358
1065,0.94349,-0.38625,-0.77219
1066,-1.4387,-0.46798,2.875
1067,-1.6364,-1.9744,2.8239
1068,7.6767,6.1794,-1.2336
1069,5.0217,2.9766,5.4059
1070,0.94423,1.8109,3.1104
1071,1.855,-0.19453,2.2098
1072,4.0408,5.7686,0.5362
1073,2.2164,-1.2089,-0.15795
1074,0.19417,-1.4362,1.0804
1075,3.0501,0.6088,0.6275
1076,-3.8057,-3.4697,-2.1861
1077,2.257,-2.8037,-1.1399
1078,2.5835,0.10442,2.0276
1079,0.48891,2.3131,3.3913
1080,5.0791,4.0537,2.0775
1081,0.71877,0.87242,1.9451
1082,2.0369,1.2269,1.5737
1083,1.543,2.4705,2.4426
1084,-2.0256,-3.9745,-3.3416
1085,-6.5408,3.513,2.7248
1086,1.0783,-2.1329,-1.9249
1087,-0.43991,1.5676,1.4222
1088,4.2519,2.3041,0.56343
1089,1.321,2.2862,0.60021
1090,-0.87603,0.58916,2.1449
1091,1.4364,-1.2179,0.73894
1092,-0.25647,2.9399,1.3553
1093,-3.6,-3.688,-3.3233
1094,-0.15379,1.9169,2.4451
1095,1.1838,-0.062387,1.6403
1096,3.5976,5.2982,3.5717
1097,-1.8349,1.4485,-4.0598
1098,3.3164,3.4893,1.9398
1099,3.45,3.0784,3.3853
1100,-1.3872,-1.0026,-4.6679
1101,0.079792,4.0389,3.6795
1102,1.4229,3.0731,2.1149
1103,2.6049,1.2023,4.5342
1104,3.8495,0.47647,5.9151
1105,-1.7492,-0.076371,0.48232
1106,0.26419,0.84895,3.3858
1107,3.8708,4.7644,2.1518
1108,-6.5503,-5.7668,3.892
1109,0.64883,1.7792,-1.7078
1110,0.94806,-0.42515,2.5058
1111,2.4495,-0.11352,-0.73877
1112,-4.8231,-1.9498,-1.7079
1113,-0.095367,1.1801,-5.3229
1114,0.4941,-1.516,1.0844
1115,-1.7525,-2.1669,2.2232
1116,1.8713,2.421,2.6114
1117,-0.44679,5.7248,2.3994
1118,1.0402,0.51672,2.8741
1119,3.2617,5.1468,2.8973
1120,3.9303,2.7134,0.82704
1121,3.2011,2.8405,3.4927
1122,0.25067,2.6307,2.1692
1123,-0.18832,0.43418,-3.9684
1124,2.608,0.40137,3.6199
1125,-0.59404,-0.078396,-3.2965
1126,0.18373,-1.3892,0.82417
1127,-0.41197,1.9183,2.5351
1128,2.706,2.1433,1.3684
1129,-1.5316,-3.2139,2.6947
1130,-1.278,-0.76716,1.3703
1131,0.623,3.9561,3.2143
1132,2.5899,0.17766,4.7953
1133,3.437,2.4711,3.4002
1134,2.5459,0.74312,-3.0308
1135,1.657,3.6557,3.8699
1136,2.0035,-3.2266,1.6393
1137,1.4161,-0.54407,0.6746
1138,-2.6802,-1.2272,-0.050415
1139,-0.63533,-1.147,-3.2015
1140,1.788,1.0509,-0.96163
1141,2.7856,4.2167,5.016
1142,-2.3241,-5.4896,-4.838
1143,1.8908,-2.1545,2.801
1144,1.3238,4.6398,3.923
1145,2.9591,0.64349,2.5505
1146,-2.0349,-1.1415,-1.1181
1147,1.1925,2.4918,1.9835
1148,-1.4891,-1.5148,0.041454
1149,2.4843,2.4576,2.7553
1150,0.010664,-4.7292,-4.1325
1151,0.75774,2.5602,0.60497
1152,-0.64143,0.71997,3.5188
1153,-0.081513,1.95,1.2935
1154,-1.425,3.6116,-1.5564
1155,2.1257,1.3307,-0.099475
1156,0.9845,5.8301,-5.9816
1157,-0.23582,1.03,-2.1952
1158,-5.3279,-7.5266,-1.3083
1159,1.8218,1.4386,1.0208
1160,7.4225,6.5289,6.1064
1161,0.31574,-1.3191,-1.6957
1162,2.468,3.8789,4.2866
1163,3.9432,3.6257,3.1768
1164,-0.8178,-0.25548,-2.1651
1165,-0.46435,-6.8449,-2.5912
1166,2.5021,2.1665,1.4894
1167,0.084228,0.53001,-0.092629
1168,1.2448,1.4537,1.4898
1169,-4.0811,0.30313,-0.38131
1170,3.7772,3.0955,1.8969
1171,0.40029,0.22844,1.7501
1172,-2.3303,-1.998,-1.7221
1173,3.7948,4.9454,5.2991
1174,2.4575,1.1095,1.782
1175,1.0491,4.3158,1.2175
1176,0.08237,0.84842,1.47
1177,2.8997,1.7066,1.0866
1178,-1.2413,0.35109,0.14898
1179,1.0105,0.058828,0.38192
1180,-0.62408,3.2979,2.2296
1181,-2.1386,-2.3723,-1.1425
1182,-6.0008,-5.8836,-3.0887
1183,0.046174,-1.1923,0.2528
1184,-1.8884,-2.4663,0.22709
1185,1.0097,-1.3829,2.9747
1186,3.3897,4.8958,7.3349
1187,-1.5448,-3.6325,-3.2827
1188,1.3462,4.6707,2.9895
1189,0.88548,3.5239,2.3318
1190,0.16701,-1.3458,0.089499
1191,2.141,1.9994,1.7381
1192,-0.068753,-1.2999,-0.11803
1193,-1.419,0.30725,-3.7114
1194,-2.069,1.6599,1.7171
1195,3.8297,3.5248,4.4815
1196,0.11286,-3.7016,1.6879
1197,4.5271,5.4997,2.831
1198,-2.6578,-1.246,-4.1478
1199,3.1075,-0.097651,1.4897
1200,-0.065759,-0.26093,0.86741
1201,0.38401,2.1922,1.5863
1202,-0.16714,4.6679,1.3826
1203,0.015983,-1.4172,1.8293
1204,2.8326,2.9173,2.4096
1205,-1.5711,3.5243,2.3306
1206,-5.2441,-5.3416,-3.0881
1207,4.7591,1.2227,2.4717
1208,-0.12928,1.769,-3.4027
1209,-4.9303,-3.6518,-7.8459
1210,-2.2656,-0.79214,1.0788
1211,1.7342,2.8131,1.8957
1212,0.56725,1.9144,2.4485
1213,-3.1092,3.248,1.9512
1214,2.1403,1.6815,3.871
1215,3.7688,5.5871,3.1194
1216,-3.8694,-2.2612,0.31872
1217,0.33345,-0.41686,-1.8355
1218,2.0889,5.126,5.1409
1219,1.325,-0.090852,-0.0057662
1220,-0.38169,-0.28074,-2.6654
1221,4.407,2.2818,4.1126
1222,-1.1621,-6.2319,-4.2883
1223,0.1479,-2.1627,-1.8131
1224,-0.45003,3.9651,3.2399
1225,1.5095,1.4958,-1.0072
1226,-2.6379,0.62739,-0.62682
1227,-2.9823,-3.4783,-2.4184
1228,4.9433,1.5242,2.1484
1229,-1.4559,4.0535,5.2095
1230,-2.6432,1.5386,-1.9692
1231,0.3839,0.0069306,-0.39192
1232,1.0205,0.38982,4.0955
1233,-1.1153,-6.4853,-4.533
1234,1.2676,-1.9257,5.248
1235,0.33773,0.85672,-2.0445
1236,4.8123,0.92261,2.3493
1237,4.7206,5.4001,6.532
1238,3.1571,-2.3703,-2.2308
1239,-1.4209,3.1565,0.25561
1240,1.4033,-1.3723,2.5695
1241,4.1601,4.3662,2.9333
1242,-3.8353,-5.4337,-4.3466
1243,-1.0009,1.2949,-1.4566
1244,3.2617,2.4966,2.4959
1245,3.2818,2.4851,4.6733
1246,4.4517,-2.2358,-0.64847
1247,0.92614,2.9065,-0.59645
1248,-3.6724,-3.3697,-2.7889
1249,2.867,1.8126,4.0153
1250,-0.93847,3.2761,1.2785
1251,-2.0783,-1.9995,-1.9639
1252,1.5146,-2.2612,-0.82652
1253,1.0154,2.6887,-0.56389
1254,-4.3776,-7.182,-1.4356
1255,0.61001,-0.62578,0.44249
1256,3.5131,3.5374,5.2087
1257,1.7961,3.7054,2.6872
1258,1.4478,1.5295,1.4465
1259,-0.53544,-0.98417,0.58879
1260,-0.92442,-1.7489,-0.7241
1261,-1.0541,0.67485,-1.6198
1262,5.7031,7.0269,6.447
1263,2.5146,3.0594,2.8271
1264,1.0429,1.6086,0.92694
1265,3.4753,4.1823,3.8835
1266,0.38702,-1.1176,0.45261
1267,0.86485,0.18199,1.1633
1268,2.073,-0.97956,0.48112
1269,5.334,1.9164,-1.3422
1270,0.5477,-1.5337,2.2994
1271,-0.11767,2.0433,0.92487
1272,2.2619,3.1945,2.424
1273,1.3999,-1.8776,2.1823
1274,1.9763,0.70016,3.7562
1275,2.6018,-0.69798,1.821
1276,-0.65296,-3.4997,0.64089
1277,0.44101,1.4489,1.4828
1278,0.72364,0.51213,0.10163
1279,0.84441,-3.7869,-4.3354
1280,-0.1046,-0.45505,-1.3528
1281,-4.1005,-3.8184,-4.6836
1282,2.9256,2.3794,2.8216
1283,-2.0152,-3.8707,-4.3998
1284,-0.19946,0.28415,0.59778
1285,0.86639,1.8688,2.5397
1286,-0.27156,-0.96788,-0.52448
1287,1.1389,1.4903,3.1697
1288,-3.3253,2.0549,1.5686
1289,-3.0983,-0.41727,-0.78177
1290,-0.32242,3.4093,1.7229
1291,2.5151,2.7011,1.8891
1292,-1.7714,1.0778,-1.2389
1293,-0.34344,0.46016,3.1482
1294,5.3948,4.2137,4.8358
1295,6.2579,5.0804,-1.7793
1296,3.2008,2.7338,3.5903
1297,1.6078,2.3483,2.262
1298,2.0393,3.781,5.0681
1299,-0.42357,-0.011463,4.6043
1300,0.28286,3.3981,3.1366
1301,5.8884,5.6288,2.2102
1302,4.2184,5.1252,4.8468
1303,0.67502,1.1913,-0.29386
1304,2.1168,0.48856,0.73595
1305,4.0203,3.7397,-0.87461
1306,3.1844,0.8165,2.9008
1307,4.4653,4.2676,3.1854
1308,0.53986,2.6671,3.3292
1309,0.72609,-0.52511,1.4393
1310,-0.93697,-0.31484,2.615
1311,0.13963,1.5339,1.0119
1312,5.4942,7.1155,4.2598
1313,1.2356,3.0153,4.6743
1314,0.17816,0.62093,2.5123
1315,1.8098,1.367,2.9186
1316,-0.68176,5.8365,3.3266
1317,3.9627,1.6222,-2.1287
1318,2.6855,3.6456,3.5241
1319,-1.8482,-2.8588,0.25678
1320,-0.36792,2.8712,2.1895
1321,-2.5288,2.3411,0.55062
1322,0.35988,3.0028,3.8895
1323,-0.62405,4.0786,2.5464
1324,-3.4636,-1.327,-4.5523
1325,1.4022,1.1262,1.0937
1326,2.4888,4.3672,1.8837
1327,0.048477,6.3793,-0.86992
1328,2.2195,4.7734,4.9425
1329,0.56814,0.45229,0.10293
1330,-3.7784,1.2186,5.6563
1331,1.2108,2.3462,-0.6341
1332,-1.0932,0.87024,1.7324
1333,0.88925,-0.95947,-0.45601
1334,0.44695,-2.5196,0.26011
1335,2.7436,-0.6391,1.6764
1336,1.0559,1.1111,3.031
1337,-0.14585,4.7606,4.0784
1338,-0.32304,-2.2936,-0.07426
1339,-1.5277,1.9302,2.2427
1340,0.60266,0.42457,-0.18396
1341,4.0914,2.9057,1.7747
1342,2.9092,0.98332,4.5555
1343,-0.88138,4.5665,3.8554
1344,2.7745,2.6465,2.4125
1345,0.63866,2.7326,-1.2275
1346,4.6605,4.6808,1.8209
1347,-1.0163,0.034857,1.3969
1348,-6.3239,-4.7555,-5.0495
1349,-0.70194,0.20241,0.45891
1350,5.3389,6.5759,6.0359
1351,-0.049882,0.56218,-0.88465
1352,-1.2112,-0.358,-0.54077
1353,1.7953,5.8555,3.3288
1354,3.7362,-0.99863,1.6057
1355,7.6792,6.5094,6.885
1356,1.3107,2.7345,4.3478
1357,-0.38759,0.57089,-4.9196
1358,4.0082,-1.2008,-1.0214
1359,-0.57471,0.36912,1.6141
1360,1.2553,2.2551,3.7362
1361,1.6856,-1.341,1.3724
1362,3.0619,2.3407,0.72358
1363,-3.5375,-5.1425,0.27402
1364,2.008,-3.0061,5.1468
1365,1.3394,4.5631,4.7744
1366,-2.4022,-1.0729,-2.382
1367,0.07513,-1.0781,-0.31464
1368,1.6751,0.89158,-0.86631
1369,-2.0124,2.4011,2.924
1370,4.5244,5.3864,3.597
1371,1.9177,0.53983,2.3469
1372,-2.3372,1.6584,-1.8653
1373,-4.8598,-2.7303,-3.0347
1374,1.0346,1.7461,2.4594
1375,-1.2961,0.81212,-3.4008
1376,-0.7315,-2.5785,-1.7851
1377,-0.041139,5.0038,4.1706
1378,3.9648,3.1044,2.5953
1379,-1.3582,-0.89127,-2.8842
1380,4.5547,5.3927,5.1613
1381,-2.1212,-1.6444,-2.2254
1382,0.32274,2.978,4.0717
1383,0.18417,-1.5002,-1.3857
1384,0.76679,-1.1006,0.096365
1385,-0.62678,-2.2445,-0.4467
1386,1.8631,-0.36703,2.2275
1387,-2.7666,0.75974,-1.2859
1388,-3.4999,-0.22093,-0.2334
1389,-5.5041,-3.9852,-1.7815
1390,2.9288,5.8105,5.5153
1391,-4.5657,-2.3729,-2.3432
1392,-1.4479,2.3284,-2.8784
1393,-0.48177,0.85562,1.5733
1394,2.1505,-1.1167,2.0911
1395,0.48141,-1.2098,0.62219
1396,3.6068,5.932,4.4175
1397,-3.0834,-1.4222,-0.010976
1398,1.3734,0.78391,-1.627
1399,4.8682,2.6119,3.3452
1400,1.849,3.1675,4.343
1401,0.9517,-1.3125,-0.28266
1402,3.3326,4.3211,6.1521
1403,-0.80848,-2.8691,-4.8828
1404,-0.067252,0.71512,2.2189
1405,1.392,1.2524,-0.087366
1406,-0.48628,-1.4489,-0.090572
1407,-0.366,-0.80865,1.8163
1408,-1.3316,-0.10671,5.2782
1409,1.0008,-1.4945,-0.54236
1410,-3.3282,-1.8779,-3.0441
1411,1.2676,1.3496,1.9775
1412,0.66318,-0.14843,4.9249
1413,-5.5442,-8.9724,-0.89398
1414,3.0375,1.7884,2.3292
1415,-3.739,-2.2621,-2.3736
1416,2.0853,0.79726,0.68505
1417,0.98261,2.3507,1.9905
1418,4.0969,6.3574,5.9547
1419,0.78863,1.377,1.4526
1420,5.4947,4.7955,5.1508
1421,-0.20245,0.87998,0.87125
1422,-2.2795,-6.8588,-0.95651
1423,1.7569,2.4247,1.5362
1424,-2.3294,2.3963,-0.47838
1425,-0.75547,0.68208,5.1375
1426,0.38779,1.0702,1.3524
1427,-0.095593,1.8311,-0.13278
1428,1.1021,1.6071,3.413
1429,3.0229,5.078,6.3461
1430,2.0191,0.95443,1.5302
1431,3.1405,-0.44527,2.0664
1432,-3.753,-3.8043,-4.8924
1433,-0.28155,0.32078,2.5161
1434,0.95846,3.4684,-1.0185
1435,5.9592,1.1546,4.9628
1436,-3.8597,4.7546,0.39623
1437,-1.1434,3.3153,-2.5662
1438,4.7858,3.7005,3.1178
1439,3.9195,3.6814,4.4172
1440,2.8506,-4.052,0.098829
1441,-1.0233,0.44993,1.1568
1442,-0.033775,0.72993,1.9311
1443,-1.0097,-0.068684,2.8055
1444,-2.4615,1.4666,2.6381
1445,-2.6967,-0.4584,-1.2484
1446,4.1271,4.789,3.7307
1447,4.3606,0.36708,2.9277
1448,0.57875,2.0599,1.3178
1449,7.1552,5.5313,3.8778
1450,-0.21593,1.7573,-0.15729
1451,0.011631,0.73538,0.22145
1452,-2.5313,2.1619,1.8584
1453,-1.4882,4.7723,4.8415
1454,2.4044,-1.0295,0.18447
1455,-3.3265,-2.8975,-1.063
1456,-1.3301,-1.5028,-0.62136
1457,-0.10229,1.0515,0.085284
1458,6.0271,4.8044,6.1922
1459,4.0963,5.3562,3.4676
1460,-2.2878,-3.7584,-3.6356
1461,1.8875,1.7784,0.52644
1462,0.37046,2.7357,2.2135
1463,-0.38754,-0.9463,-2.2153
1464,-0.52744,2.3005,0.060181
1465,1.1138,0.66003,1.2753
1466,-3.4933,0.37036,0.049911
1467,-2.3156,0.66755,0.55336
1468,-3.2409,2.9965,-0.27543
1469,-2.18,-2.0337,-3.6311
1470,5.6228,4.322,5.1222
1471,4.4438,3.5002,2.7393
1472,0.31093,0.38798,2.6149
1473,0.14278,2.6198,3.7078
1474,1.3778,1.4442,0.95221
1475,1.6761,0.92161,3.3464
1476,2.674,5.8813,3.007
1477,2.1256,2.1064,2.6713
1478,-0.82995,-1.7151,-0.43667
1479,-1.8224,0.047849,1.7509
1480,1.0174,2.244,2.0662
1481,1.856,5.2554,2.1987
1482,1.0613,3.6829,3.8482
1483,-0.3287,-0.26334,0.69042
1484,0.44227,-0.55311,2.4118
1485,-0.52136,1.9492,1.6187
1486,3.6018,3.8384,-1.3475
1487,0.52953,1.2796,-2.2188
1488,1.2194,1.1782,3.3565
1489,6.599,7.6925,5.5465
1490,1.2898,3.4176,3.0312
1491,2.0609,-2.2284,3.8712
1492,0.13565,3.7034,4.3163
1493,2.7331,0.61186,-0.28548
1494,-2.716,1.6973,-4.0943
1495,4.7982,4.2171,1.6653
1496,7.169,3.5505,0.52551
1497,0.11646,-0.97097,2.1262
1498,5.5777,5.0909,6.1062
1499,3.132,2.5169,1.9502
1500,2.5516,0.58714,1.4869
1501,5.7833,4.4134,3.9536
1502,-1.4167,1.132,0.98616
1503,6.404,3.2894,6.6441
1504,1.7589,0.37667,-0.48109
1505,-0.7698,-4.8622,-4.1022
1506,-2.9677,0.63864,0.6154
1507,0.1609,-0.87827,0.83914
1508,4.8003,5.9045,3.0351
1509,-2.8294,-3.6193,-5.1944
1510,1.8977,-1.1198,-1.5096
1511,2.2203,4.7997,5.2742
1512,-2.979,-0.078551,-4.2712
1513,1.2254,3.8398,2.1229
1514,-0.28594,-1.4721,4.676
1515,-0.82846,1.6643,1.5757
1516,0.60778,1.9298,0.82907
1517,-1.6687,-0.7116,0.57473
1518,3.5447,3.2731,1.443
1519,0.49593,3.1674,2.28
1520,4.66,4.6703,3.6721
1521,2.5147,7.5735,6.5684
1522,0.14132,3.5531,3.8091
1523,1.625,2.8579,4.0176
1524,-1.449,-0.11469,-0.37152
1525,-0.11505,0.41217,-2.8305
1526,3.1193,-0.31127,1.6697
1527,-0.2025,0.64651,0.51972
1528,3.4179,2.5081,2.2665
1529,0.33341,1.4804,0.9845
1530,-0.33917,2.1395,1.7241
1531,3.7563,-2.2067,-0.15889
1532,2.3543,1.0888,3.8298
1533,1.0572,-0.4397,-1.1896
1534,-3.2676,-4.8584,-0.18584
1535,2.061,1.962,-0.29713
1536,2.4902,-0.17561,-0.01949
1537,2.7663,-0.18138,1.4946
1538,1.9626,-3.4184,-3.2803
1539,-2.551,3.1112,2.0464
1540,5.2555,5.613,3.8647
1541,-1.2398,0.66799,1.7055
1542,1.8602,3.4571,0.13657
1543,2.869,1.6106,3.6668
1544,0.8634,-0.32787,-0.89092
1545,0.91559,2.8455,-2.6047
1546,-1.2077,-0.30049,-1.4333
1547,0.33786,1.7733,-0.49522
1548,-0.42034,0.5374,1.418
1549,-0.42115,-0.19982,-0.71654
1550,-3.3227,-0.70613,2.049
1551,2.9762,0.80446,0.52154
1552,4.8364,2.0804,4.205
1553,2.7133,-0.82554,0.33974
1554,-0.85561,5.5902,6.0388
1555,-0.37737,-0.91583,-0.77662
1556,-0.47968,-3.6917,3.6613
1557,0.22078,3.764,5.5549
1558,-1.0063,6.2993,6.1014
1559,3.9342,0.35415,-0.48281
1560,0.35882,-3.7676,-3.6372
1561,1.2655,1.3508,-0.10261
1562,-1.5392,-0.49425,-0.097219
1563,3.9939,1.1082,2.2156
1564,-0.29438,1.7926,-1.761
1565,1.3834,4.0231,2.0809
1566,-0.23579,1.0633,1.1682
1567,2.9748,4.0213,5.2263
1568,5.54,6.6091,6.4766
1569,2.7627,4.1719,1.5838
1570,5.1718,-0.58777,-0.043991
1571,2.1082,3.7805,3.3324
1572,-0.027111,-0.19531,-0.61162
1573,-1.5455,1.4353,2.0083
1574,2.5604,0.47929,1.3228
1575,-0.36187,0.8905,2.318
1576,0.053939,-0.017216,0.92843
1577,2.9893,2.7527,3.9766
1578,2.9525,1.7555,2.8132
1579,-3.7208,-4.118,-4.67
1580,-0.89924,-3.0216,-0.68664
1581,5.201,1.2674,4.6864
1582,5.0262,5.4916,5.2356
1583,-1.6698,3.1588,2.1795
1584,3.2414,-1.1047,2.3365
1585,-2.701,-1.3916,-0.9739
1586,-0.82797,0.30503,-0.049833
1587,1.8794,-0.38704,2.0598
1588,-4.732,-2.657,-1.993
1589,-4.4699,-3.8506,-1.7851
1590,5.4602,6.4807,3.2634
1591,3.2689,0.91883,3.2863
1592,0.44317,1.0478,1.4576
1593,4.1121,2.0913,-0.58446
1594,3.6385,4.4346,4.3109
1595,0.35721,-0.6234,5.5466
1596,2.5111,1.7593,0.76698
1597,-3.0445,0.65054,-2.9151
1598,-0.019568,3.6766,-2.9147
1599,2.5489,3.8809,5.607
1600,4.3145,2.8341,-3.9747
1601,3.4976,2.0633,0.2936
1602,5.1968,3.5226,0.9041
1603,0.1963,-0.26352,-0.15787
1604,-3.0645,-1.7279,1.8079
1605,-1.4497,-4.1584,-4.0782
1606,-6.2696,-3.4552,-5.9027
1607,0.82531,3.6534,0.43024
1608,0.18828,6.1828,0.46896
1609,4.0833,0.13677,4.1289
1610,-2.0983,-0.25147,-1.3381
1611,1.298,2.505,0.37996
1612,0.54677,0.82143,0.78348
1613,4.0198,5.977,3.2455
1614,0.3944,1.192,2.9674
1615,1.5161,1.7479,0.37356
1616,-2.6168,-4.2372,-6.7865
1617,0.97203,0.66765,1.0009
1618,0.031919,0.46941,3.713
1619,1.4276,-0.37379,-0.40792
1620,2.1683,-1.9,-1.7741
1621,-1.8487,0.47865,0.66082
1622,1.7029,-0.1575,2.7789
1623,4.9634,6.6812,6.5926
1624,-3.8132,-1.2151,-0.19739
1625,-0.48468,2.9718,4.0724
1626,3.6947,2.1615,1.888
1627,1.9141,1.7178,-0.65309
1628,-1.5741,-1.0891,1.7178
1629,2.2854,4.508,5.3663
1630,1.6382,2.1271,2.8354
1631,-0.88549,0.20311,-3.5635
1632,0.61494,-0.41736,0.18478
1633,1.4045,4.0718,4.6033
1634,-1.6572,1.6388,-0.47387
1635,-0.86898,0.42879,1.7767
1636,-2.9945,-1.7675,-4.2923
1637,1.033,5.7538,3.6923
1638,-0.70641,1.0812,-0.10522
1639,-0.84577,-0.46436,1.7076
1640,-0.087165,1.5932,0.079175
1641,2.8904,1.4729,2.0222
1642,-0.82358,1.4056,1.8952
1643,-1.2965,1.1299,3.2255
1644,2.1949,4.123,0.59816
1645,-1.9061,-1.0719,-3.2868
1646,0.6423,1.4726,-0.7828
1647,-0.06057,-0.669,-2.2959
1648,-4.7225,-3.2966,-0.71593
1649,5.9215,1.2977,4.7485
1650,-4.3388,-3.8035,-4.9919
1651,-5.8114,-6.1974,-7.3428
1652,-1.6173,-1.6715,-1.5713
1653,2.6215,2.1794,1.1744
1654,-0.70623,-1.8994,2.8182
1655,-0.5024,1.9581,-0.66791
1656,-0.61432,3.7138,3.5647
1657,4.4885,4.2988,5.5244
1658,0.42905,-1.3053,4.3778
1659,2.7936,1.6167,-0.81039
1660,0.44248,3.5246,1.1625
1661,1.0336,-0.57515,-0.2209
1662,-0.29912,-0.66728,-3.4756
1663,-2.7303,-3.8914,-0.52318
1664,3.3777,1.4525,2.3991
1665,-3.3447,-2.6689,-1.1893
1666,0.27596,-0.66458,1.1671
1667,-1.8667,1.6478,1.0219
1668,-2.08,0.97334,3.1169
1669,1.5546,4.5972,1.9998
1670,-1.7457,-4.9359,-1.1368
1671,-4.2287,-2.4615,-3.6278
1672,-1.2983,1.0525,3.7333
1673,-0.9211,-0.18179,-0.53956
1674,2.8138,0.80928,2.0808
1675,6.1238,-6.1541,2.0729
1676,2.4869,2.223,3.9894
1677,-1.3888,-0.052753,-5.5976
1678,-3.2144,0.0082282,-0.7092
1679,-7.6987,-4.7452,-1.7986
1680,1.2569,7.904,-0.26624
1681,3.5011,5.2058,3.6267
1682,2.0163,0.7471,1.731
1683,-1.9394,2.2562,0.49349
1684,3.8196,6.6434,6.0021
1685,-0.66588,1.4966,-2.2485
1686,1.9259,-0.59233,0.90192
1687,1.5037,-0.15826,-0.29313
1688,1.5815,3.7402,3.6982
1689,3.4848,6.5495,3.6376
1690,-2.3357,-4.2114,-4.6442
1691,1.6059,1.0446,2.6276
1692,-2.2838,-2.095,-3.8147
1693,-1.0021,-1.6104,0.11912
1694,-3.5321,-4.1868,-1.375
1695,0.015046,0.95088,1.8263
1696,-3.868,-2.73,-5.0026
1697,-5.7077,-0.75014,-0.93204
1698,0.32413,-3.0751,3.2449
1699,0.66141,0.88805,0.24464
1700,5.998,5.0595,5.8761
1701,1.8572,3.9548,4.1623
1702,-6.0192,0.43853,-3.1214
1703,1.2325,2.6617,1.8431
1704,-1.9791,0.33485,-4.382
1705,-1.5007,-2.1525,-2.9124
1706,-2.7815,-5.1019,-1.5819
1707,1.9667,2.4942,1.5719
1708,-1.1434,1.0724,3.3162
1709,-2.1431,-3.3136,-5.0649
1710,1.2923,1.4564,3.2265
1711,0.89943,-0.54654,-1.0773
1712,-0.087476,1.0907,3.1677
1713,-1.5411,-5.7193,-1.6383
1714,0.88686,4.5921,-1.6458
1715,-1.2174,2.5135,2.2344
1716,1.6076,3.1879,2.4227
1717,-2.6294,-4.4791,-6.7282
1718,2.5847,1.3793,-1.8727
1719,-0.11241,1.3134,1.4467
1720,-3.2676,-2.4908,-2.2406
1721,0.39792,-0.35976,0.65363
1722,3.4287,0.25197,1.0984
1723,4.4175,3.6358,4.1203
1724,1.7375,2.8632,2.7966
1725,0.49721,4.7069,3.9171
1726,2.4173,1.5886,1.136
1727,-1.7375,-3.241,-3.2744
1728,3.42,1.8001,2.8949
1729,0.38805,2.239,3.309
1730,0.39149,0.84231,1.3745
1731,0.54182,0.92833,0.69129
1732,-1.7671,-5.6037,-2.1099
1733,-2.9264,0.34102,0.59002
1734,5.4809,7.325,1.854
1735,-2.3913,-3.0059,-2.1339
1736,-0.14505,2.1766,1.7861
1737,-0.016896,1.897,-1.1827
1738,-4.3934,3.536,1.0153
1739,4.0713,4.3548,2.8683
1740,4.8304,7.4727,6.1386
1741,1.136,-1.5975,1.8271
1742,1.3015,4.2505,-3.2718
1743,0.28367,-1.5621,-0.75156
1744,-3.0037,-6.2376,3.434
1745,-2.362,0.73583,2.4316
1746,0.36143,5.3446,0.50138
1747,5.0175,2.3606,6.1715
1748,6.2721,-1.743,5.5718
1749,-1.3165,-0.26276,0.46623
1750,2.9527,2.3807,0.65176
1751,6.2226,6.3338,4.9772
1752,3.5478,3.2077,1.8894
1753,-1.3005,-0.92211,-1.0256
1754,4.3767,4.5978,6.0423
1755,-2.7198,-4.6388,-5.5519
1756,-2.2454,-2.2724,0.77219
1757,-1.3513,2.0476,2.4906
1758,3.5686,1.5516,1.8113
1759,1.5795,-0.76951,2.9533
1760,1.9469,2.8589,1.9304
1761,-4.0797,-4.5541,-0.20238
1762,1.3518,-1.2376,-0.20292
1763,-1.255,-0.33464,-0.064467
1764,-0.73933,3.215,0.18547
1765,0.079411,-3.4452,2.1379
1766,-2.6476,-4.7568,-2.0818
1767,1.1999,1.638,-4.5155
1768,1.1826,-0.21458,3.1229
1769,1.0124,3.0234,-6.5233
1770,-2.3266,-1.9346,-0.88496
1771,-1.3342,-1.2768,1.3111
1772,-0.13908,1.2485,0.60808
1773,0.94638,1.0259,4.3764
1774,3.8908,0.98658,3.0961
1775,0.84607,3.0411,3.9713
1776,1.106,-2.3189,-0.40106
1777,1.7521,5.3641,6.1043
1778,0.58399,1.6818,-0.53091
1779,2.3188,3.0508,-1.7091
1780,4.521,6.3063,2.6285
1781,-1.9003,0.79834,3.3024
1782,0.073444,-4.937,-0.73735
1783,-0.32762,1.0076,1.8702
1784,-0.66261,0.80109,-2.1365
1785,-4.1404,-5.288,-6.6771
1786,2.3024,-0.8446,2.2489
1787,0.35728,-1.8846,2.5348
1788,-1.9544,-1.7376,1.3476
1789,2.1507,1.584,1.4477
1790,0.21034,0.58713,-0.99032
1791,-0.91032,2.1474,-3.122
1792,-2.4139,-1.4178,-1.6227
1793,3.5803,3.7316,4.1383
1794,1.7985,3.5965,2.2826
1795,-0.16021,4.0289,2.8716
1796,3.8896,3.7936,6.3803
1797,1.1921,3.503,1.2229
1798,3.1786,-0.77184,5.2615
1799,-2.365,-2.6853,-4.8391
1800,-2.9369,-5.0244,-4.3134
1801,-4.1487,2.7679,1.6699
1802,3.7773,3.0862,3.4791
1803,1.5665,1.0592,0.85951
1804,1.7447,1.6833,2.1466
1805,5.0776,4.6415,4.651
1806,2.1411,2.1946,1.979
1807,-0.23077,0.90363,-1.0466
1808,2.5645,2.9542,4.6831
1809,2.9368,-0.5596,2.9428
1810,3.5673,3.9609,2.323
1811,3.9154,7.2528,7.9204
1812,3.8031,0.68701,2.0496
1813,4.8273,2.4094,1.6876
1814,-0.55369,0.16874,1.6177
1815,-2.3724,-1.6407,-2.627
1816,-1.579,-0.7479,0.29355
1817,-0.50166,2.185,-1.2675
1818,1.8017,-5.2093,-4.6028
1819,1.2922,-3.4312,-0.98829
1820,4.4719,2.7587,1.1841
1821,2.7142,-0.63886,-0.6619
1822,4.0685,5.6787,3.5599
1823,0.40605,0.090559,1.0313
1824,1.3474,1.8384,4.0004
1825,1.7934,1.499,0.61002
1826,3.167,2.9269,1.0932
1827,-0.00089131,3.703,-0.51439
1828,-0.61756,0.90417,1.7577
1829,1.7216,2.8859,2.0763
1830,-5.6691,-1.8188,-4.1548
1831,5.9271,4.6542,5.4755
1832,-3.5265,1.175,-4.2383
1833,4.7648,4.2995,4.664
1834,1.379,3.9821,3.2729
1835,0.83527,4.0546,4.671
1836,-1.3948,-2.0614,1.7568
1837,5.6128,5.318,5.154
1838,2.0351,2.3323,0.73741
1839,0.67385,1.6968,1.9226
1840,-2.0911,-1.9435,-1.6625
1841,3.6495,1.065,5.0344
1842,-0.60468,-1.3349,0.2871
1843,0.91279,2.3597,-1.9958
1844,-4.752,-2.26,-4.4016
1845,2.1373,5.0028,5.1331
1846,-3.6787,-4.1911,-4.8908
1847,2.1469,2.6055,0.81602
1848,-1.3191,-4.507,-4.2911
1849,3.03,0.40569,1.4363
1850,0.87365,2.1593,1.4097
1851,3.9973,2.1088,-2.6285
1852,-1.0171,-0.89183,-0.71093
1853,-1.9529,-5.4864,-0.88346
1854,0.89958,0.36706,4.0801
1855,-0.67408,2.3541,3.0511
1856,1.0291,4.8565,2.0277
1857,0.32453,4.691,3.3907
1858,-5.1049,-0.25456,-2.3351
1859,3.8585,-1.5064,-1.3907
1860,-4.7019,-5.3562,-1.448
1861,2.2436,4.9749,-0.85005
1862,-0.36681,-1.3065,-0.83183
1863,-3.7368,-6.9962,-6.6542
1864,3.3673,2.5679,1.3963
1865,-1.7289,-1.831,-0.27712
1866,1.3361,-1.4004,1.9416
1867,4.2125,1.247,2.5614
1868,4.2148,0.81347,0.73085
1869,1.845,1.4984,3.1534
1870,-0.12058,-0.1426,-2.7272
1871,-2.9858,0.68938,0.68483
1872,-0.22151,-1.3553,-0.87993
1873,0.00084078,-1.5772,1.2127
1874,0.36182,0.33577,2.4539
1875,0.81338,-2.493,1.8251
1876,1.3456,-0.9677,-1.4821
1877,-4.0603,1.1503,-3.9122
1878,-2.2393,-3.1136,-1.8128
1879,1.4734,-3.5473,-1.9007
1880,0.22889,0.92394,1.3008
1881,0.43224,-0.87241,-0.40727
1882,-1.1442,-0.51951,-0.62348
1883,3.9197,2.8814,4.7918
1884,0.4515,-0.61386,1.4943
1885,-1.0737,0.148,-0.8173
1886,2.3045,2.4609,1.8006
1887,1.9843,0.84886,-0.27251
1888,-0.8908,-1.4697,-0.83679
1889,-0.84285,5.2004,4.5086
1890,2.559,3.0495,4.6178
1891,-0.82796,-1.8906,3.9109
1892,-1.4586,-2.5183,-2.6092
1893,2.2896,1.932,-0.48865
1894,4.75,5.2641,0.25695
1895,1.1493,2.4012,3.2653
1896,2.0117,-0.061599,1.5441
1897,0.19132,-1.3794,-0.49368
1898,-1.8276,1.6316,1.6446
1899,0.93903,4.0258,3.6958
1900,-3.7985,-3.5965,-1.6401
1901,3.4134,3.4965,-2.1327
1902,1.0777,-0.90734,-1.9905
1903,-2.2292,-0.0090697,0.18706
1904,-0.95608,-0.99896,-1.7243
1905,1.3077,2.4125,2.8655
1906,1.826,-1.0528,-0.099267
1907,0.83972,0.98436,0.10893
1908,-0.93975,-2.5452,-2.2013
1909,2.8065,0.93292,0.33989
1910,0.23331,-0.98127,-3.2366
1911,-6.738,0.26302,1.1869
1912,-3.1145,0.10216,1.1356
1913,-0.93468,-0.090169,-0.22802
1914,-0.53921,-1.253,0.47746
1915,3.3298,1.3461,1.0164
1916,1.1024,1.7227,-0.87281
1917,1.82,-0.031093,2.486
1918,4.4269,0.63962,0.32392
1919,-0.02543,1.8608,-0.46821
1920,-3.2556,-1.645,-0.32372
1921,0.20506,-1.78,-0.5652
1922,1.2557,-1.6023,0.63461
1923,4.4478,5.9084,3.9194
1924,-1.6322,2.1091,-2.071
1925,0.082577,1.562,0.45181
1926,-2.6398,1.2789,1.3141
1927,0.1254,0.67735,-0.01982
1928,0.3383,6.0841,3.1551
1929,-3.9573,-3.1743,-4.8101
1930,-2.7882,-3.0102,-4.6294
1931,-0.79179,-1.6566,-0.27584
1932,-3.7802,-5.6402,-2.3851
1933,1.3869,1.0158,-0.035659
1934,1.5884,1.3352,1.8108
1935,1.297,1.1671,0.44611
1936,2.0555,1.2418,0.15779
1937,2.8884,1.0215,2.5925
1938,-2.2702,-4.766,-2.0634
1939,0.010507,-1.4562,-0.38363
1940,-1.5363,-2.533,-2.7475
1941,0.68781,-1.0985,-2.4733
1942,1.624,3.2584,2.9806
1943,-0.85383,-2.2094,-1.5236
1944,1.0576,-0.31182,-0.81809
1945,0.36347,0.44546,0.94634
1946,6.2995,2.8401,2.7722
1947,0.58453,0.0025438,0.27205
1948,-0.67349,-2.5531,-2.2122
1949,0.1121,0.74036,1.9249
1950,-1.8975,0.58873,-0.62841
1951,-2.645,2.1419,-5.0143
1952,1.6625,-0.39536,0.3716
1953,-1.0039,5.4297,1.9735
1954,-1.6881,-1.4616,2.8969
1955,2.6677,-0.016827,1.1473
1956,3.7533,3.9588,-0.18958
1957,-3.5795,2.7842,1.9272
1958,1.9158,2.2834,3.9383
1959,-2.1586,0.80183,-1.7152
1960,0.50174,3.4787,2.3674
1961,1.3625,4.8924,4.1174
1962,3.3641,3.7453,1.9739
1963,-6.9961,-4.678,-2.7631
1964,-2.7672,-3.6663,-3.5684
1965,6.2486,4.5756,0.14458
1966,-1.2478,-1.0392,0.19972
1967,2.1009,1.9944,3.6669
1968,1.5103,1.3848,3.1733
1969,1.8067,4.919,4.5366
1970,0.11805,2.594,-3.221
1971,-0.03845,0.76575,-3.4713
1972,-1.2303,-3.8362,2.6935
1973,-1.6382,-2.392,-3.2522
1974,-2.5383,1.6443,0.99347
1975,-3.5483,-5.5612,-2.5407
1976,0.32935,-0.07964,1.0638
1977,-2.6204,-1.2853,-2.2738
1978,1.9285,-1.445,-2.4971
1979,-0.78464,1.9301,2.6971
1980,-1.4637,-3.4854,-2.5922
1981,3.3519,1.1085,2.3959
1982,0.87216,-3.7334,-0.1036
1983,-1.1097,-2.6004,-6.539
1984,-4.2514,-1.9439,-2.4065
1985,1.6913,2.4147,4.5674
1986,-1.8789,-2.1693,-2.7537
1987,0.47375,-1.6227,-1.4836
1988,-1.3533,-0.97979,2.4231
1989,-2.3336,-3.1389,-7.3006
1990,1.087,3.6318,3.6561
1991,0.96352,1.3115,-1.5699
1992,0.56905,1.8606,1.6226
1993,1.5122,-0.56472,1.4103
1994,0.17663,2.1226,2.9965
1995,0.47525,-1.0978,3.0916
1996,-3.734,-4.4516,-4.2974
1997,-7.0082,-3.4563,-2.943
1998,-2.7692,-0.74345,-1.627
1999,-4.6359,0.20627,1.5755
2000,5.4515,4.4863,0.76329
2001,0.16538,0.054557,1.7155
2002,-1.7965,-1.849,-0.82927
2003,-1.9693,1.6678,2.5442
2004,-0.074452,3.3765,3.7
2005,5.8588,4.6563,4.9217
2006,0.43429,-2.1318,3.6032
2007,4.3182,0.53591,0.66827
2008,1.2237,-0.046817,2.7595
2009,0.50898,1.3383,-2.4182
2010,5.8788,4.9772,0.08707
2011,2.3668,1.2487,1.6456
2012,-1.425,-2.8889,-3.0342
2013,-1.4318,-1.3243,2.3362
2014,2.1654,-0.33781,0.44383
2015,-1.2665,3.123,-3.6475
2016,-3.4998,-3.0852,-3.6598
2017,2.9063,0.11184,5.7648
2018,4.5461,-4.6366,1.2763
2019,-11.806,-1.1779,-5.3998
2020,0.6445,1.3861,0.89555
2021,0.75991,0.77827,2.9137
2022,-2.6651,-0.038114,3.4683
2023,-3.237,2.6599,3.0479
2024,-2.753,-2.1172,-2.1433
2025,-0.89558,-1.3548,-0.059372
2026,1.1533,-0.2456,0.93604
2027,-1.0615,4.0203,6.2821
2028,-1.4932,-0.46156,-0.59013
2029,-3.7743,-1.9675,0.247
2030,-2.142,-0.67964,0.30082
2031,1.5288,3.1915,3.625
2032,1.8656,0.69912,0.26901
2033,-3.1816,-3.0302,-1.3542
2034,1.3015,1.6216,-1.122
2035,-3.9815,-3.2628,-4.7712
2036,-3.6774,-5.9454,-5.9868
2037,-0.97235,4.1169,2.4059
2038,-0.29136,1.4167,0.50534
2039,4.0642,5.3293,5.6339
2040,-0.59322,-0.87106,-0.5204
2041,-3.5409,2.0754,-1.1061
2042,3.6115,2.0919,2.7776
2043,0.84531,0.66029,0.67774
2044,-0.38035,-0.34416,-0.98177
2045,2.5224,-2.7482,-1.729
2046,-3.3651,-0.85075,-0.32528
2047,-1.5485,-2.1269,-2.0696
2048,-3.3581,0.51509,0.98357
2049,-0.42842,-2.5465,-2.2335
2050,-0.25222,0.020718,-0.4042
2051,2.2458,-1.3766,3.1579
2052,-2.3658,-0.077135,0.039425
2053,2.7093,3.0196,2.3686
2054,-5.0418,0.17901,1.2764
2055,4.4986,4.2547,4.6968
2056,-3.5899,-3.2273,-4.0585
2057,-0.29172,-2.8703,-0.7623
2058,3.913,3.9948,3.5965
2059,-0.44435,0.43772,0.64639
2060,-2.6769,-0.73399,-0.99944
2061,2.2475,2.7306,1.5036
2062,-1.2844,-1.1007,-2.3429
2063,-0.9351,-2.4769,0.85911
2064,1.35,4.4066,4.5211
2065,-4.6034,-4.0664,-2.3482
2066,4.5323,4.3836,2.8302
2067,0.56147,0.73065,-1.3514
2068,2.9766,1.1197,1.2064
2069,5.6906,-1.0313,-0.47632
2070,5.4878,5.0556,7.1759
2071,-0.5039,1.2302,1.8613
2072,-0.52175,2.5013,-2.728
2073,0.7014,1.8928,1.8825
2074,-0.7159,2.4174,2.2696
2075,1.0065,0.26615,2.8583
2076,-1.9563,-0.40874,-0.041826
2077,0.80905,3.0389,2.6212
2078,0.77318,5.3043,2.3033
2079,3.3105,3.6273,3.4347
2080,-2.8326,-0.53455,0.50155
2081,-3.0025,4.5372,2.1735
2082,1.7381,-0.73096,-1.8336
2083,-1.5336,-1.3278,-1.8874
2084,1.0473,1.3345,1.8052
2085,-0.13868,-1.2795,-0.75795
2086,0.70625,-1.325,1.4337
2087,-0.50151,-1.1003,0.90735
2088,-0.75176,-1.137,1.8866
2089,3.8638,1.7539,2.5418
2090,1.8823,1.9716,2.5832
2091,0.24441,0.86103,2.9459
2092,3.0006,4.6232,2.8468
2093,-1.9864,-2.2831,-5.0992
2094,5.2026,5.4281,4.6857
2095,-2.5735,-3.4564,-3.9682
2096,-0.64623,-0.71905,0.57923
2097,6.3546,7.4354,2.4021
2098,-0.66408,2.9521,1.3012
2099,2.5447,2.5306,2.6371
2100,0.28373,-0.92444,1.539
2101,0.096876,-2.095,3.1805
2102,-3.063,-2.5503,-0.90492
2103,-3.7229,-6.5791,-3.6077
2104,0.83432,-0.47176,-0.37589
2105,-0.19273,-0.76008,-0.88353
2106,-1.1976,-2.3683,-1.9711
2107,2.3356,1.9593,5.5029
2108,2.8046,2.1938,1.242
2109,4.064,3.1747,5.1591
2110,1.2674,1.0722,-0.80534
2111,-3.2936,-2.095,-1.7176
2112,1.0336,1.8245,1.262
2113,3.0077,2.7352,4.2036
2114,-1.8483,-1.1962,-2.2897
2115,-0.74953,-5.6675,-2.4598
2116,0.2499,2.0475,-0.67452
2117,-0.32266,3.8993,4.5213
2118,0.99661,2.8366,0.14573
2119,0.86488,3.8741,3.8014
2120,2.2609,2.1636,3.3339
2121,1.3795,1.0574,2.5328
2122,1.2109,-0.26208,1.6724
2123,2.6469,0.64258,1.1551
2124,1.5711,1.9235,1.5921
2125,2.6514,3.0325,-0.016837
2126,-1.3717,-1.0638,-1.0903
2127,-2.1815,-1.0309,-1.4419
2128,-1.1467,-0.90132,-2.0725
2129,2.7659,5.8339,4.2922
2130,5.1767,5.7752,4.7836
2131,-0.25061,0.13478,1.7842
2132,-2.6868,3.1526,-0.15157
2133,-6.0399,5.5694,3.919
2134,-2.3389,-1.2688,0.40696
2135,-3.4947,-3.1703,2.5669
2136,5.9208,3.5137,-0.1712
2137,-0.44308,-1.1403,-0.38402
2138,1.8855,2.0621,3.2966
2139,-0.68919,-3.2437,-3.8601
2140,-6.0841,-1.029,0.07717
2141,-3.7425,-2.5248,-4.7032
2142,-0.55893,-0.54794,2.5541
2143,1.3016,0.69313,1.0117
2144,-2.7903,-0.65206,-2.243
2145,-0.19085,0.774,2.0569
2146,-1.1595,-2.9383,-3.8559
2147,0.52945,1.5192,1.4885
2148,4.8283,6.7396,0.88005
2149,-0.87907,-0.56325,1.0699
2150,1.4958,-0.60044,3.495
2151,3.8944,5.3052,1.667
2152,-1.336,-0.27417,-1.4114
2153,2.5863,0.8735,4.3935
2154,-7.0277,-6.1543,-6.584
2155,-0.24217,1.1394,-0.19589
2156,-1.3351,-1.4974,0.16967
2157,-7.7424,0.98098,-7.369
2158,-0.14594,0.73349,0.36421
2159,-1.7905,-1.9402,1.5657
2160,-0.18588,4.8621,5.6516
2161,-0.87306,0.27658,2.213
2162,2.0539,-2.9829,-0.14625
2163,-1.4501,-1.896,-3.0028
2164,1.9505,-1.2747,0.34731
2165,6.9831,4.7882,5.8855
2166,-0.389,0.56693,1.8114
2167,-0.73132,1.2512,1.4727
2168,-1.5068,-4.9646,-2.5624
2169,-2.1487,0.3352,3.0936
2170,0.12231,0.22668,1.8579
2171,-0.6906,3.1335,0.12861
2172,-2.5707,-3.0326,-0.28619
2173,4.1161,-1.0468,2.5669
2174,-0.59386,-0.53249,-1.1543
2175,-4.3235,-3.0532,-3.4718
2176,3.1299,-0.57024,2.0442
2177,2.5277,2.8375,2.8629
2178,3.8655,0.020057,3.8003
2179,-6.3531,-5.6388,1.5328
2180,-0.63502,-0.25064,0.22812
2181,1.0065,1.0772,0.53428
2182,-4.4419,-6.0689,-0.73278
2183,3.391,7.0788,4.5258
2184,-2.2866,-4.4035,-2.0113
2185,0.80429,1.7343,2.3308
2186,1.1933,-1.411,-2.5438
2187,-3.1345,1.3844,0.72035
2188,-0.32593,1.2723,0.47626
2189,-1.8803,-1.7297,-3.9363
2190,2.1745,1.3979,4.5155
2191,-0.094939,1.7374,0.69318
2192,3.8646,4.2759,4.0696
2193,1.671,1.7607,0.31251
2194,4.1209,-2.0482,1.7446
2195,2.1208,1.8414,1.3207
2196,0.72581,3.6791,6.7202
2197,-3.2747,-2.511,-1.7621
2198,-0.70654,0.38467,2.5558
2199,-1.4,0.18997,1.6103
2200,-1.2328,-1.1346,-0.41643
2201,-1.4237,-2.3389,-2.1636
2202,-1.328,-3.6434,3.9428
2203,1.1535,6.1306,4.7965
2204,-0.13168,-1.3683,-2.3179
2205,4.9504,5.1395,3.6022
2206,2.5755,0.63559,1.9455
2207,-3.9037,-2.5217,-4.1186
2208,-1.6432,-0.3888,1.2596
2209,1.8508,7.1671,5.7341
2210,0.32517,-0.38477,2.6289
2211,-3.3704,0.98028,0.14381
2212,1.8098,3.0515,5.5179
2213,-2.3384,-1.7692,-0.10698
2214,-3.7244,-0.46353,3.7975
2215,-0.74609,1.2474,-0.40605
2216,4.317,3.3115,2.7049
2217,-3.3075,-1.5515,-3.2409
2218,2.3878,-0.11443,2.3001
2219,-0.84128,2.9022,3.8807
2220,-0.23866,-1.2367,0.0073311
2221,-1.2459,3.1166,3.3563
2222,-3.071,1.2481,2.1435
2223,-2.5612,-1.2862,-4.1249
2224,6.2126,-0.022414,-7.4054
2225,0.76784,3.2494,2.6869
2226,-1.2276,-0.60363,1.6473
2227,-1.1618,3.3762,1.9948
2228,3.9391,2.3935,1.9569
2229,5.3761,5.7161,4.3033
2230,6.0035,4.2691,1.3232
2231,-2.8327,1.4075,-1.3654
2232,-4.9629,-4.4212,-3.4066
2233,-0.12522,1.5876,-1.6898
2234,-5.4651,-1.7215,-2.7469
2235,-3.8635,-2.4141,-3.8504
2236,-2.1026,-3.2959,-2.2939
2237,1.5683,3.0358,1.1826
2238,0.15933,1.4673,3.4141
2239,-0.98063,-1.5058,1.0221
2240,0.63106,0.17245,1.6022
2241,1.1264,0.96376,0.82075
2242,-0.86833,1.2114,1.3386
2243,3.783,5.5543,5.2418
2244,6.1201,-1.1036,3.8597
2245,-0.78611,0.44094,-0.079107
2246,0.83904,6.1979,5.8161
2247,-0.13334,-5.0062,-3.8696
2248,2.9959,6.531,-0.20038
2249,-1.952,-0.043029,1.7222
2250,2.9331,1.3332,2.2539
2251,2.3944,0.028881,1.483
2252,-0.33688,1.2657,1.39
2253,0.15949,2.2149,1.7132
2254,2.4037,1.8967,-0.37475
2255,1.3832,1.2022,1.6293
2256,7.1776,5.5594,6.1507
2257,-0.10238,-1.3114,-0.62187
2258,4.2733,2.8108,3.0815
2259,2.3484,2.1365,3.3733
2260,-5.061,-4.3362,-4.6003
2261,5.5111,2.9826,1.9577
2262,-0.26112,1.484,1.0368
2263,2.787,2.001,2.9939
2264,-2.7923,-0.54883,-0.53978
2265,-4.4746,-2.5068,-4.8689
2266,0.46431,-1.3082,4.8704
2267,-2.5838,-3.2528,-1.9078
2268,-4.6505,-5.6378,-4.3862
2269,-1.1051,-0.36597,0.20306
2270,-0.82548,3.0373,2.3336
2271,4.5989,-3.5627,2.9075
2272,-0.54967,-0.33776,1.0796
2273,-0.34965,1.2651,3.9621
2274,0.64057,1.805,1.5089
2275,0.71493,2.7095,0.14432
2276,3.5034,4.1183,4.3991
2277,-0.44755,2.0984,-0.5079
2278,4.1032,-0.86977,-0.53508
2279,0.081048,-1.6537,-0.30148
2280,-1.2915,-5.701,-0.73474
2281,0.63613,6.3434,3.693
2282,-2.2685,2.6,3.6817
2283,-1.9696,-5.1771,-2.7339
2284,2.3036,3.4188,1.3638
2285,-2.7551,-0.33324,0.57658
2286,-2.3088,-0.27681,-5.889
2287,1.0419,-1.6529,1.115
2288,1.1499,0.91971,1.177
2289,0.30798,1.1844,2.2262
2290,-2.3422,-4.3274,-2.0164
2291,0.39862,0.45412,-0.64071
2292,-0.44852,-1.9524,0.92444
2293,0.42829,2.4829,1.5456
2294,-1.8392,0.47053,0.28233
2295,-2.2393,1.4766,-4.9164
2296,-2.3188,-0.60882,4.212
2297,3.4865,3.2406,5.8358
2298,-0.00031496,3.8354,0.80041
2299,5.0909,3.803,5.0171
2300,3.9994,-0.34848,0.24163
2301,-3.8561,-0.86936,-2.8243
2302,2.172,0.42435,2.314
2303,1.2129,1.7961,1.9843
2304,2.5987,2.0036,0.55471
2305,7.4404,3.7669,5.5982
2306,3.0981,1.9021,-0.78096
2307,0.72446,-5.1109,-1.4102
2308,0.89688,-1.3844,-4.2958
2309,-4.3482,1.0891,-5.0511
2310,0.73987,1.1543,-0.94527
2311,-0.63917,1.2194,-0.67582
2312,-1.0318,-1.1043,-0.86166
2313,0.32075,1.7402,1.5542
2314,-5.6542,-7.0229,-5.5641
2315,4.4248,0.29515,1.4415
2316,-0.76146,-0.18819,0.32437
2317,-6.1556,-3.5015,-4.2293
2318,5.4227,3.7916,2.3148
2319,4.6773,-1.2464,2.5873
2320,0.42356,0.88059,-0.36945
2321,1.5458,-1.8698,-0.28362
2322,-1.0728,2.5736,-3.7098
2323,-2.0452,-0.9185,0.076396
2324,2.8365,-0.37743,-1.0357
2325,3.8998,0.065605,-4.2263
2326,-2.6163,3.7961,3.6591
2327,3.079,5.3751,4.4066
2328,2.2936,2.7083,2.8439
2329,0.84441,-0.40442,4.4893
2330,3.3876,-0.45997,-2.4876
2331,8.0368,-0.18966,5.178
2332,-0.17709,-2.6393,-1.5599
2333,1.107,0.28953,-0.28051
2334,2.3745,2.8744,2.3658
2335,-0.37221,0.47028,2.8305
2336,-3.1557,-5.7308,1.395
2337,-1.7485,-0.15961,0.80522
2338,0.21495,4.0988,1.5992
2339,0.032066,0.4159,0.78694
2340,-0.35997,-2.2813,-1.692
2341,-2.7147,-0.76718,-0.55813
2342,5.3498,3.8478,5.9183
2343,-2.5215,0.19433,-0.22771
2344,-2.9741,1.9423,4.3688
2345,3.3007,2.766,2.9074
2346,0.55396,1.879,1.8118
2347,-0.10106,-1.2565,-0.34983
2348,-1.7762,2.3054,2.3971
2349,-2.5373,0.68357,-1.2066
2350,-0.92205,0.57434,-0.75725
2351,6.5507,2.0258,2.0155
2352,-0.82654,-3.347,3.0216
2353,0.26031,1.0799,0.69977
2354,1.8105,0.0056413,3.1832
2355,-1.2725,-0.83227,-0.2225
2356,6.0671,1.275,5.3916
2357,-0.18716,1.447,2.202
2358,1.4916,2.4167,2.5475
2359,-1.7402,-0.24731,2.0543
2360,0.48738,-0.16023,0.84531
2361,0.4483,-0.63283,-0.46175
2362,-2.0985,-1.5812,-2.1592
2363,1.7324,-1.596,5.5567
2364,3.8169,2.1073,2.0801
2365,2.2123,3.9174,2.2034
2366,0.072268,-1.2826,-2.2542
2367,2.4232,5.192,3.5472
2368,-0.77555,-3.514,1.3359
2369,4.7078,3.7028,-3.2752
2370,2.2083,-0.21655,1.7215
2371,1.1489,1.2334,-0.58552
2372,1.1456,-2.8418,2.6702
2373,2.711,5.7519,5.002
2374,1.0136,0.45444,-0.33812
2375,4.0843,1.4563,6.4662
2376,2.0904,-2.0488,1.2143
2377,1.452,0.85711,-0.010063
2378,-0.23121,0.92487,2.1526
2379,-3.316,-1.6595,1.3382
2380,-1.0783,0.51436,-1.0719
2381,0.43667,-0.62302,0.51093
2382,0.17008,-0.61532,-0.095016
2383,-3.0565,-4.2073,-2.236
2384,-0.32561,5.1415,3.2729
2385,-3.7093,-0.40717,1.8905
2386,-1.1007,1.1764,-0.65844
2387,0.34141,0.33604,2.1707
2388,2.5455,2.7044,2.8031
2389,-2.995,-1.0528,-1.3244
2390,4.8177,4.9957,4.092
2391,-1.5556,-0.16294,0.81127
2392,-3.6926,-3.0699,0.14588
2393,0.014945,2.9716,-1.9543
2394,1.2432,4.7299,6.5204
2395,1.359,4.7845,4.3907
2396,5.2519,6.6482,2.6472
2397,1.6588,-2.1348,-0.26277
2398,3.1619,-0.28975,-0.06387
2399,-3.7706,-3.7558,-4.8332
2400,1.4552,0.35559,2.1874
2401,3.3498,2.4978,1.946
2402,2.3499,-2.0968,2.6494
2403,0.57191,2.8134,2.2823
2404,-1.3871,0.38728,0.63042
2405,-0.93186,-0.32107,-0.31797
2406,1.8176,2.7661,4.1145
2407,-3.1574,-3.3816,-4.8831
2408,2.0468,0.87558,-0.58024
2409,2.5991,1.1606,-0.087869
2410,2.0745,1.3727,2.3087
2411,2.2306,0.49336,0.60098
2412,1.1197,3.021,-0.052722
2413,-0.98817,2.7365,0.097814
2414,-0.9337,-0.64931,-0.022351
2415,4.8418,4.9964,3.2858
2416,-0.67811,-2.0115,-3.4787
2417,0.53145,2.2826,3.6523
2418,4.4304,4.4549,2.8565
2419,0.46539,-2.4569,2.9472
2420,1.0707,0.62634,1.2155
2421,-4.1203,-4.5561,-2.5583
2422,1.0351,1.1584,5.7488
2423,-0.13625,-1.0986,1.265
2424,3.3461,0.53132,2.0697
2425,0.93791,-1.2242,2.0252
2426,1.0891,-0.46774,4.7538
2427,-0.72646,3.1761,1.2683
2428,-3.8132,1.203,1.2652
2429,-0.70977,-0.99508,0.71673
2430,2.3603,0.12767,1.6032
2431,-4.7368,-6.725,-6.4618
2432,-3.9462,-5.0182,0.15931
2433,-2.5618,2.7269,-1.7272
2434,1.4092,-3.7867,3.5789
2435,-1.4751,2.6723,-0.76524
2436,-1.9255,-3.1027,-3.7959
2437,-0.15203,-0.81267,-0.86048
2438,-1.0752,-0.62566,0.027277
2439,-2.1741,5.9576,2.4265
2440,2.8667,5.1768,2.5337
2441,0.36479,0.17676,-1.0778
2442,3.7747,2.6162,5.0785
2443,-2.1485,0.2316,1.039
2444,-3.7877,-3.6918,-4.0167
2445,0.11827,2.5277,2.4789
2446,2.2935,0.22888,2.7025
2447,4.7516,8.2261,1.3832
2448,1.5297,2.0467,0.80345
2449,-2.9695,0.010136,-0.29857
2450,5.666,5.3245,5.505
2451,4.6085,4.1494,7.7478
2452,-2.6896,1.418,0.8738
2453,2.6039,3.1969,0.48521
2454,-3.0967,-0.91759,3.8668
2455,0.7516,0.071203,-0.31149
2456,-0.74923,-0.40441,-1.5788
2457,3.682,1.0051,0.45676
2458,-1.2587,1.3021,-0.39534
2459,-3.4489,-3.3469,0.7971
2460,-5.8951,-8.1283,-6.3812
2461,2.942,1.689,4.0247
2462,1.8103,2.0514,1.0115
2463,0.73971,1.8177,1.2167
2464,2.7152,1.7268,-1.0882
2465,-0.64193,-2.081,4.1217
2466,4.675,4.7417,4.6507
2467,-0.76202,-1.4385,-0.14055
2468,-1.6493,-1.0516,0.038655
2469,-0.58866,-1.5964,0.12573
2470,-0.80606,1.6081,1.5762
2471,0.72056,0.57815,4.9812
2472,1.574,5.0871,0.99552
2473,1.3237,-1.0135,1.0238
2474,4.3475,4.9005,6.3071
2475,-1.4723,1.2868,1.9812
2476,-4.3804,-1.4551,-0.63499
2477,1.4258,0.91967,1.6198
2478,-4.3682,1.1758,1.6498
2479,-4.2111,-4.7102,-5.141
2480,-3.9861,-4.0535,-6.663
2481,1.4505,1.1065,-0.34262
2482,2.1283,1.0599,-0.52302
2483,-0.22958,1.3437,2.6917
2484,-2.8338,4.3344,3.1589
2485,-2.2169,-1.2217,-2.7192
2486,-0.68734,-0.22978,1.5138
2487,3.614,6.2147,4.902
2488,1.8092,1.804,1.2753
2489,-0.11789,6.0768,4.331
2490,3.0675,2.5764,3.7137
2491,1.8815,2.081,1.1563
2492,-1.8583,-1.568,-1.4932
2493,0.21054,4.345,1.7606
2494,0.78332,3.5342,1.4785
2495,5.3478,4.8122,4.4184
2496,0.58618,0.3283,0.46503
2497,-3.0576,-0.47696,0.58777
2498,-0.86803,1.896,3.1956
2499,-0.59435,2.1384,1.4902
2500,0.13882,1.5884,1.3639
2501,3.4284,-2.4947,3.6424
2502,-1.8361,-0.94879,2.2931
2503,-0.46316,1.0618,-1.2302
2504,2.984,3.484,2.0975
2505,1.3456,1.136,4.5191
2506,-4.2905,-0.67773,-0.81536
2507,4.6522,3.973,1.238
2508,2.3504,-2.0761,1.1592
2509,-0.064503,3.3641,3.2477
2510,2.1951,3.1866,-0.67218
2511,0.091576,-1.5194,0.75031
2512,1.9039,5.2547,5.287
2513,-2.6181,1.1406,4.9549
2514,0.13744,-0.35092,2.6707
2515,0.47201,4.1166,2.5469
2516,0.77869,0.26035,4.9309
2517,-2.1615,2.7008,3.3559
2518,-1.836,1.8137,-0.90209
2519,3.2076,2.4529,4.3284
2520,-0.84775,1.2263,-0.38047
2521,1.0547,0.6737,1.6329
2522,-5.4788,-3.8001,-2.6382
2523,0.55267,-0.078306,-1.4223
2524,2.8291,0.12761,-2.2072
2525,3.5659,1.1815,2.7349
2526,-2.1281,-0.47415,-1.2876
2527,3.4222,1.3041,4.984
2528,0.1401,-0.5085,0.25917
2529,1.5134,3.4369,1.6129
2530,-0.6941,-0.53044,-0.61682
2531,0.58399,0.69076,0.81677
2532,3.2828,2.0023,2.4281
2533,-1.4808,-1.8021,0.36664
2534,0.013261,-0.21518,1.3541
2535,0.18558,0.71264,-1.1455
2536,-0.63683,1.0959,0.4369
2537,1.9886,3.426,3.1156
2538,-2.9509,-2.6172,-1.2437
2539,4.0641,3.0288,2.0149
2540,0.13836,-0.6455,-0.7421
2541,3.4507,0.079321,-3.2726
2542,-0.096269,-0.64012,1.2709
2543,-0.90528,-0.95717,2.3803
2544,1.0627,2.8793,3.7865
2545,-7.0316,0.19552,0.30504
2546,-4.292,-0.087818,-2.6679
2547,2.3705,-2.7205,-1.4131
2548,3.671,-0.88603,2.6325
2549,-3.2913,-5.8041,-5.3797
2550,-1.5706,-2.0587,-1.5321
2551,4.0185,2.6444,4.4682
2552,-0.8672,-1.1054,-0.0028727
2553,1.114,2.5891,1.5748
2554,-1.671,-0.69953,-0.94773
2555,-0.08655,1.3632,1.4155
2556,-3.2323,-0.49893,-2.2574
2557,3.6988,2.64,2.6716
2558,-3.3653,0.18109,-4.8468
2559,0.5155,0.13181,0.76631
2560,-2.1032,5.3823,1.8116
2561,-1.1254,-1.6814,2.2083
2562,4.3276,4.6003,-0.059286
2563,-0.47834,0.66418,0.09558
2564,1.8933,2.0709,0.46055
2565,-1.9774,-1.2068,-4.3044
2566,0.84139,0.17809,-0.19776
2567,3.1667,2.6701,4.9243
2568,-0.52589,-0.049479,-0.050818
2569,4.3942,3.8186,4.3877
2570,6.1343,3.2428,2.8016
2571,1.1783,3.3905,0.57169
2572,-0.35657,0.89747,1.9406
2573,2.126,3.2149,4.6251
2574,1.2856,-0.38945,-0.84361
2575,1.9207,-1.8815,-1.5665
2576,2.3041,4.0482,1.9054
2577,2.4914,2.0003,0.81
2578,0.68983,-1.374,1.2031
2579,-2.1101,-1.8146,-0.35947
2580,-1.5493,-2.7611,2.7316
2581,0.81788,-2.5443,-1.9428
2582,-1.1454,0.19559,1.0556
2583,-0.030775,-0.92055,0.11379
2584,3.9262,4.6383,3.2813
2585,0.14783,1.0065,-0.35644
2586,0.22738,0.16938,2.5773
2587,0.29383,1.1121,1.0265
2588,3.824,2.8791,-1.1773
2589,-0.81936,2.6105,3.4025
2590,-3.8857,0.055298,-2.2867
2591,-4.6734,-6.2279,-1.9326
2592,-5.4548,-4.8372,-6.5178
2593,0.28594,-0.19329,2.3022
2594,3.8046,3.0105,2.1339
2595,0.14938,0.42509,0.34899
2596,-9.1864,-8.1952,-8.0231
2597,-2.6215,0.033404,2.0795
2598,0.062818,5.6847,5.774
2599,-3.3678,-2.153,-2.1941
2600,-0.66076,-1.3228,-2.6959
2601,-0.56621,2.3935,1.7577
2602,3.3646,3.1069,4.6749
2603,-2.0096,1.46,4.999
2604,-1.1644,0.22064,0.57537
2605,-3.2108,-5.445,-0.56471
2606,-0.01167,1.1662,-0.23702
2607,3.1408,-1.1269,0.096187
2608,2.1312,-1.08,-2.2453
2609,2.1162,5.4216,3.0953
2610,-2.1893,2.9518,0.27763
2611,3.1659,1.1962,3.8642
2612,0.047484,0.60165,2.3834
2613,2.9428,2.1087,3.2802
2614,-1.8274,3.0322,3.3474
2615,4.1772,2.2174,1.8191
2616,0.35796,0.10523,0.30704
2617,-5.2497,-5.0552,-2.6285
2618,-2.1503,-2.784,3.9521
2619,2.3837,2.1585,-2.3777
2620,-0.55406,-0.081247,-2.3506
2621,2.3686,4.2596,3.3786
2622,-1.1385,0.7061,1.7438
2623,2.4338,5.4735,2.9708
2624,0.72902,2.2912,1.7049
2625,0.90641,2.7845,-0.5699
2626,-7.7981,-8.8276,-7.9366
2627,-4.3837,1.7253,1.2396
2628,-1.2437,-1.2353,0.73078
2629,2.1583,4.672,-0.17715
2630,-4.7445,1.0548,-2.7157
2631,-0.10906,-0.39592,0.34159
2632,0.85258,2.1586,2.7116
2633,1.6596,-1.3163,2.1667
2634,-0.97019,1.5999,1.6044
2635,3.6628,2.5171,2.3238
2636,2.694,2.1303,4.2029
2637,-0.35984,4.1857,2.081
2638,-0.21997,2.9585,3.6325
2639,1.7409,3.8041,-0.033257
2640,1.0681,3.9537,3.0209
2641,2.3058,-0.39232,-2.8546
2642,-1.7033,4.8612,3.1999
2643,-2.3106,1.4957,-1.0841
2644,-1.9535,-1.2257,-1.1586
2645,0.91559,2.7376,7.4928
2646,0.57718,-3.2817,2.8743
2647,1.8241,2.8251,0.69851
2648,2.0373,-4.7808,-1.6948
2649,-4.2164,2.3248,4.1942
2650,4.6136,3.7695,1.7999
2651,-0.30937,1.5894,4.4715
2652,2.832,3.3932,3.0533
2653,-1.2405,-4.2762,-4.9809
2654,0.69461,1.2774,0.13019
2655,2.9303,-0.93836,-0.15486
2656,1.7257,2.4628,1.4667
2657,-0.95397,-0.2924,-6.6041
2658,1.3472,1.215,-3.4378
2659,1.0144,1.2037,2.2906
2660,-0.77968,1.8159,2.5918
2661,3.3732,3.3347,1.0796
2662,0.76565,1.3712,0.56636
2663,-0.008511,-0.86559,-1.1192
2664,-0.054396,-0.3887,-1.0061
2665,-3.9348,-0.50688,-1.2737
2666,-2.4181,2.375,0.98405
2667,-0.51009,4.1655,-0.017693
2668,-1.9638,-2.9029,-1.9791
2669,-1.0686,-1.996,-0.70933
2670,1.7362,1.3382,3.0422
2671,-3.0471,2.0483,3.3578
2672,0.26761,0.4677,2.2176
2673,4.3631,4.6102,4.9671
2674,-1.3816,0.10123,-1.1692
2675,0.58929,1.3675,-0.026106
2676,-0.6441,5.2797,3.9148
2677,-2.6282,0.37502,-3.6641
2678,-1.9563,-1.8057,-2.0132
2679,-2.414,-1.486,-2.423
2680,-2.7914,-0.89728,-2.5394
2681,-0.024662,-0.411,2.3397
2682,-1.0532,-2.6511,-1.197
2683,-1.2564,-1.7849,-0.19478
2684,-3.4565,2.7129,-0.39643
2685,2.3506,2.071,0.7013
2686,1.4573,5.9408,5.2962
2687,0.11086,1.5515,-1.2412
2688,-1.9874,1.7341,-0.098866
2689,-5.4251,-5.4528,-4.9405
2690,2.9621,3.6287,0.095733
2691,0.75026,-0.86731,0.1328
2692,1.2545,3.6103,4.3565
2693,-0.63469,3.255,4.2479
2694,-2.1935,1.561,-2.208
2695,4.6953,6.3381,5.9132
2696,-1.7807,1.7587,1.7322
2697,0.38667,5.649,5.8854
2698,4.4227,3.9275,1.9068
2699,-5.825,-7.3718,-4.5262
2700,4.2414,4.693,4.3066
2701,3.7592,5.0833,3.961
2702,0.9605,-1.8183,-2.5237
2703,0.84549,0.77154,0.76422
2704,-0.73018,2.5261,4.2544
2705,2.3268,3.0114,1.0434
2706,3.9921,2.0101,3.5632
2707,0.58501,3.0839,-1.5011
2708,0.69854,-0.47544,0.6665
2709,2.5219,-0.78776,0.25573
2710,1.1746,1.212,0.28541
2711,-0.5289,-0.38761,2.2517
2712,3.0605,6.6915,0.93443
2713,5.2278,5.1129,5.2008
2714,-4.2131,4.0637,3.0967
2715,-1.3481,-0.97035,-1.007
2716,-0.16468,-0.40249,-1.8512
2717,5.2119,4.0079,5.0673
2718,2.1737,3.8921,1.7003
2719,2.0035,-7.5653,2.9201
2720,1.011,1.0415,1.3437
2721,-0.17664,1.4804,2.4688
2722,-1.6586,-2.5915,-2.8236
2723,-2.5649,0.014068,-1.1127
2724,-0.049344,-1.5695,0.39153
2725,-0.7118,2.2131,-0.43287
2726,3.5025,3.4777,2.9679
2727,-1.7659,0.47984,-4.0054
2728,-0.036428,3.4068,4.0959
2729,2.4719,5.9802,6.21
2730,1.9718,2.3188,3.1493
2731,5.4398,3.5987,2.6668
2732,4.5509,6.3365,2.8038
2733,2.1356,0.067902,1.1469
2734,-2.9375,-2.6903,-3.2178
2735,-1.1872,2.4744,1.1465
2736,-1.0466,0.17649,1.1593
2737,0.15421,0.0026146,6.0738
2738,-0.93036,-4.1936,-2.4906
2739,3.838,-1.0427,1.5794
2740,0.66773,0.19263,0.6569
2741,2.4605,2.2044,1.5907
2742,0.49727,2.5236,2.3759
2743,-1.5125,-2.7818,-3.4494
2744,6.9489,6.0631,7.2168
2745,3.1652,2.3808,1.631
2746,-1.2111,4.4216,2.7344
2747,-0.075497,1.3268,5.1686
2748,-0.73055,-1.7813,1.119
2749,5.4939,1.2792,5.2397
2750,-1.833,-2.2661,-3.6003
2751,-0.58281,-0.36896,-0.24151
2752,2.1816,3.455,1.6323
2753,5.6132,5.6397,0.38573
2754,0.30491,-1.1798,0.67351
2755,-2.6045,0.76183,2.9894
2756,-3.79,-2.8902,-3.2157
2757,6.1274,0.5783,4.759
2758,-1.9523,-2.7867,-1.601
2759,-4.9517,-3.0806,-2.7118
2760,-3.0788,4.2295,-4.7242
2761,-0.55803,1.7216,0.81139
2762,-0.50096,2.5736,-1.7804
2763,-3.2828,-5.3434,-4.7947
2764,2.5555,0.6982,0.65963
2765,0.7185,1.9231,0.62924
2766,-0.31986,-1.2153,-2.1585
2767,2.8768,4.2017,3.5287
2768,-0.16827,-1.4875,-0.20411
2769,1.8845,2.759,-0.34299
2770,-0.57351,-1.7666,0.092627
2771,1.022,2.183,3.0578
2772,-2.7283,-1.9452,-5.327
2773,0.85958,4.72,1.1948
2774,1.9728,2.7962,2.3178
2775,-3.3307,-2.6967,-3.6829
2776,1.4167,0.56308,1.7002
2777,0.75699,-1.0594,-1.8607
2778,-0.0036652,-1.4041,0.53158
2779,-1.4067,-1.7301,0.059462
2780,2.3436,2.0593,3.53
2781,3.1113,0.98761,3.687
2782,-2.0061,-0.82083,0.52462
2783,3.4567,0.15138,3.6907
2784,-1.7166,4.7521,5.5283
2785,-0.17295,-0.69818,-2.0578
2786,-1.651,-0.44746,1.9443
2787,1.9803,1.9832,3.0438
2788,-0.51834,1.5416,1.1137
2789,0.83965,-1.9282,0.59501
2790,-5.3148,-2.0852,-0.49895
2791,0.41742,0.7781,2.7184
2792,-1.477,-0.85962,2.0326
2793,-0.26968,2.8994,0.43617
2794,-1.4987,0.9888,0.26582
2795,3.2547,4.0865,3.5018
2796,2.5842,1.7789,2.2559
2797,-0.25628,0.018141,7.0191
2798,-0.81039,-4.4828,-5.392
2799,0.23485,0.62578,3.4844
2800,-3.4133,0.15421,-0.48184
2801,1.7644,-1.5638,0.11401
2802,4.9834,4.8922,4.5209
2803,6.1881,6.3454,4.2958
2804,2.0088,3.366,2.1627
2805,5.2979,4.9061,6.1447
2806,3.818,4.9533,4.8795
2807,1.0076,-0.40829,0.46376
2808,-3.2319,-2.13,-2.9069
2809,1.0575,0.8396,0.72962
2810,5.944,4.5828,5.2839
2811,-2.7543,-1.2814,1.5874
2812,2.2529,2.5902,-1.6748
2813,5.2344,5.1885,6.1154
2814,4.1537,1.4347,1.1042
2815,0.99931,1.0484,1.039
2816,5.2893,4.459,5.3956
2817,1.1068,2.9787,2.0707
2818,1.7206,1.1345,1.1124
2819,-0.32565,2.7167,3.2948
2820,-1.3275,1.3309,3.4936
2821,2.4213,1.495,4.1794
2822,1.6417,4.1262,0.19151
2823,1.4144,-1.1868,-4.9031
2824,2.4723,6.8966,4.4566
2825,0.7001,0.48612,1.3842
2826,6.0724,5.3099,6.5771
2827,-0.99754,6.616,2.0427
2828,-2.6997,0.78433,0.53227
2829,0.15451,3.8915,2.6
2830,2.9587,-0.01813,-0.37052
2831,-0.58183,5.3576,0.87229
2832,3.5837,-2.0491,-3.7092
2833,-5.3123,-6.9919,-6.6754
2834,-0.55105,-1.751,2.3489
2835,-1.1304,5.4299,4.8845
2836,-1.4385,-7.0332,-2.3603
2837,6.3491,4.3716,4.7768
2838,-2.9539,-2.6465,-1.9319
2839,-2.1452,0.32325,2.0643
2840,1.7854,2.3301,3.9696
2841,1.6552,-0.3268,0.68726
2842,-0.011349,0.16756,1.1836
2843,-0.71965,-0.21422,-0.53389
2844,2.0333,-0.017343,-2.5908
2845,0.40356,0.99393,-3.8065
2846,4.2164,3.4373,3.9536
2847,-2.011,-0.28365,4.2839
2848,-0.70485,-0.39311,-3.1918
2849,-0.5558,-1.7471,0.98433
2850,-3.1189,-2.8099,0.92181
2851,-0.34952,-0.29247,3.6529
2852,4.1416,6.846,5.9929
2853,0.37509,3.4373,2.5965
2854,-0.2492,-0.94665,0.32614
2855,-3.0833,-4.8208,-7.193
2856,-2.571,-0.93799,3.9548
2857,0.52847,0.77089,1.1702
2858,0.42202,0.7356,1.0363
2859,0.28057,1.107,1.6127
2860,2.4763,3.1305,0.40963
2861,-0.49664,1.2934,-1.0339
2862,-0.099925,5.1649,3.7506
2863,-0.021721,-2.1463,-2.5187
2864,1.1425,1.1691,0.95262
2865,3.1701,3.4184,1.2115
2866,0.81385,1.9912,3.9331
2867,1.4677,1.0217,3.8852
2868,1.058,-1.2864,2.6893
2869,-2.1857,-2.0776,-2.4443
2870,5.2796,3.9066,2.7377
2871,2.671,1.0606,1.6545
2872,0.65314,-1.2532,0.032656
2873,-2.3442,-0.93243,-1.8627
2874,-0.1646,0.54315,-2.1109
2875,-0.072288,0.0025281,1.6984
2876,-1.5497,2.3542,0.74118
2877,1.0807,0.83162,1.6017
2878,-0.284,2.3079,4.2048
2879,0.23552,7.1858,8.317
2880,-0.64519,1.0214,0.071066
2881,2.1869,2.9497,3.1457
2882,3.5941,5.761,6.8011
2883,-1.9064,-0.43617,-0.19133
2884,0.90713,0.5247,0.85105
2885,-0.37849,-0.7012,0.31633
2886,1.4342,0.24569,1.7313
2887,-1.2228,-2.2198,-1.8177
2888,-1.7588,-0.44312,1.0607
2889,0.37731,0.98965,0.44421
2890,-1.2411,-0.35663,4.5893
2891,7.1883,3.9086,6.9664
2892,-0.62803,3.3181,0.53556
2893,1.1697,1.1239,-0.77844
2894,5.7414,3.986,3.1675
2895,-0.32339,4.4156,3.5711
2896,-2.2144,-0.20593,-1.4842
2897,-1.0828,3.7716,-0.029411
2898,-1.4224,-0.14663,-1.5722
2899,-0.047845,4.9253,0.61703
2900,-0.65066,-1.8072,1.1864
2901,-1.2503,-0.57228,-1.4455
2902,4.0859,1.2572,3.0279
2903,-2.4342,5.2336,5.2573
2904,-0.59399,-0.97502,-1.6192
2905,3.3538,0.61508,0.12676
2906,-0.47974,0.054101,4.3315
2907,1.5068,5.4853,1.3765
2908,-1.4646,-1.8697,-5.2903
2909,1.1065,3.0661,0.54788
2910,0.39355,2.222,0.033364
2911,0.062412,0.86648,0.10694
2912,3.6299,1.1093,2.5119
2913,-2.381,-0.77003,0.35631
2914,0.87472,4.4392,2.5273
2915,-3.7989,-3.0902,-2.4423
2916,-1.0882,-1.3405,-0.75101
2917,-0.6349,0.067836,0.1817
2918,2.6499,3.2735,2.6223
2919,-3.8446,-4.5535,-1.9937
2920,-0.3213,1.2045,1.89
2921,1.8726,0.5374,-0.71026
2922,-7.5729,0.85911,-4.7039
2923,-2.0194,1.3459,-0.92697
2924,3.7902,5.5272,1.8909
2925,-0.63989,2.1978,4.7143
2926,1.2624,0.36502,-1.1622
2927,0.062057,-0.43389,1.3339
2928,2.3596,3.5808,2.5309
2929,3.214,4.072,5.7517
2930,2.5934,-1.4619,2.5374
2931,2.4523,6.3119,6.3778
2932,-0.21762,-0.25909,-0.25139
2933,3.7361,5.6508,0.22909
2934,2.8075,2.6997,0.20372
2935,2.6382,-2.8524,3.4473
2936,0.53629,0.40382,1.1637
2937,-2.8091,-1.7033,1.9586
2938,-0.17821,-0.17018,0.49152
2939,-1.9774,3.9124,1.8779
2940,-1.0312,2.0387,2.4331
2941,-3.2822,-4.7013,-1.8137
2942,1.5613,5.392,4.5456
2943,-1.5676,-0.86953,-0.35958
2944,1.043,2.7449,0.29562
2945,1.7781,2.7799,3.6749
2946,-0.58422,-0.262,-1.9631
2947,0.86927,1.4196,2.6374
2948,2.4638,2.8741,3.1034
2949,1.9299,1.2963,1.389
2950,3.6018,2.6992,4.0345
2951,2.6989,0.68029,2.223
2952,3.1403,4.248,4.3009
2953,0.18353,-0.27366,0.36621
2954,-0.36744,4.3068,1.7649
2955,-0.51965,-0.59997,0.56392
2956,0.44129,0.99356,3.4475
2957,-3.0243,6.2997,0.93846
2958,-2.0481,-2.7301,-5.6735
2959,-0.96803,0.14352,-2.7399
2960,-1.7522,2.5499,0.76908
2961,5.5099,5.9323,6.1839
2962,-1.1324,1.3193,1.4059
2963,6.5343,7.1635,6.2515
2964,-3.3908,1.4239,-0.4325
2965,-3.0192,3.313,2.2982
2966,3.753,-0.51859,3.5895
2967,2.6826,1.157,2.3999
2968,2.5642,2.0712,3.1283
2969,5.2225,5.4163,3.2046
2970,0.77294,2.8687,2.283
2971,0.16059,0.19107,1.678
2972,3.134,-2.0373,1.7993
2973,2.7173,4.3463,3.746
2974,-2.4862,1.9017,-0.74643
2975,0.18669,1.1141,0.28578
2976,-2.3621,-3.7287,0.27205
2977,-2.0896,-0.94357,-2.9469
2978,5.386,5.6406,3.2699
2979,0.35807,0.45217,-0.30895
2980,4.849,2.0284,4.4539
2981,-3.8373,-7.1353,0.65622
2982,-2.6461,-1.1483,-5.7906
2983,-2.0635,-1.7493,1.8919
2984,1.7501,2.5625,1.7269
2985,-0.18754,-3.9122,-1.1175
2986,-1.8346,4.0335,-1.1843
2987,0.39959,2.1192,1.9591
2988,-2.2578,1.4662,1.7036
2989,5.0805,2.5343,-3.2939
2990,-2.6028,-4.4106,-1.6966
2991,-3.3481,-2.9894,-6.7074
2992,0.4349,-0.55364,0.75134
2993,-3.0057,-6.2601,-3.3461
2994,4.4044,-3.7432,3.6744
2995,-2.8467,-2.8957,-2.559
2996,4.1205,3.2609,1.47
2997,4.188,-1.5637,3.7638
2998,2.1829,-2.7517,-2.4082
2999,-0.1855,2.8046,1.4694
3000,-0.55077,0.74214,0.87998
